time,PVA Wandersleben / Gesamtertrag / Zaehleraenderung  [kWh],tavg,tmin,tmax,prcp,snow,wdir,wspd,wpgt,pres,tsun
2018-01-01,117.928,6.7,3.7,10.7,0.1,0.0,213.4,32.4,66.6,1001.6,183.0
2018-02-01,69.272,2.3,-0.7,4.7,1.1,0.0,229.3,21.2,48.2,1001.1,229.0
2018-03-01,56.669,-8.8,-12.8,-4.3,0.0,0.0,66.7,19.1,43.9,1014.3,575.0
2018-04-01,30.26,3.1,0.6,6.1,2.5,0.0,284.4,17.3,38.2,1006.0,53.0
2018-05-01,24.557,9.3,4.1,13.4,0.0,0.0,230.4,27.4,61.9,1010.7,676.0
2018-06-01,44.135,20.3,15.8,24.3,0.0,0.0,220.9,15.8,39.6,1014.5,522.0
2018-07-01,7.206,16.1,10.0,21.3,0.0,0.0,68.1,13.0,41.0,1018.7,907.0
2018-08-01,10.623,24.4,19.4,31.1,4.2,0.0,3.0,10.1,27.7,1018.5,470.0
2018-09-01,25.985,14.2,5.4,20.5,0.0,0.0,355.4,10.1,35.3,1024.1,578.0
2018-10-01,74.845,6.9,2.5,13.7,1.2,0.0,269.8,17.6,51.8,1015.0,124.0
2018-11-01,53.762,5.6,1.4,9.3,0.0,0.0,145.8,8.3,32.0,1013.0,158.0
2018-12-01,9.876,5.2,2.8,7.9,0.0,0.0,218.6,18.7,41.0,1014.5,141.0
2018-01-13,17.549,0.6,-1.4,2.1,0.0,0.0,65.0,11.5,30.2,1027.6,0.0
2018-01-14,101.265,-0.4,-1.9,1.5,0.0,0.0,104.0,14.0,32.8,1025.0,74.0
2018-01-15,127.038,1.0,-1.8,3.8,0.8,0.0,179.6,28.1,63.4,1012.1,205.0
2018-01-16,60.973,2.9,0.2,6.2,6.9,0.0,226.8,30.6,74.2,993.1,88.0
2018-01-17,45.272,0.5,-0.4,1.4,2.4,10.0,246.7,32.8,67.0,998.2,84.0
2018-01-18,74.699,3.0,0.9,8.5,1.9,20.0,237.8,42.5,130.0,997.5,117.0
2018-01-19,45.216,0.6,-1.0,1.6,2.5,0.0,240.3,13.7,30.6,1006.8,7.0
2018-01-20,65.826,0.7,-1.1,1.7,0.1,20.0,192.0,13.3,34.2,1005.5,82.0
2018-01-21,0.154,-0.8,-3.0,0.3,10.1,120.0,307.0,11.9,26.3,1012.0,12.0
2018-01-22,3.211,0.8,-1.9,2.5,0.7,140.0,203.4,19.4,40.3,1010.4,0.0
2018-01-23,64.748,3.7,1.9,6.0,2.7,60.0,239.2,21.2,53.6,1021.3,2.0
2018-01-24,116.65,8.2,5.8,10.7,0.0,0.0,216.3,31.3,61.6,1017.8,99.0
2018-01-25,45.4,8.4,6.9,10.0,1.8,0.0,206.0,24.1,57.6,1013.2,0.0
2018-01-26,38.414,5.7,3.9,7.3,1.8,0.0,258.6,8.6,19.8,1017.8,0.0
2018-01-27,166.862,3.8,0.3,7.0,0.0,0.0,244.9,11.5,55.4,1029.6,217.0
2018-01-28,100.327,6.1,4.5,7.9,0.0,0.0,231.6,35.6,69.1,1028.2,1.0
2018-01-29,75.286,8.0,5.1,9.5,0.0,0.0,239.6,38.9,75.2,1023.2,35.0
2018-01-30,214.527,3.0,0.6,5.9,0.2,0.0,251.7,19.8,54.0,1026.9,383.0
2018-01-31,93.131,5.8,1.7,8.2,0.4,0.0,203.8,27.0,60.5,1008.5,33.0
2018-01-02,185.907,3.4,1.4,5.4,2.1,0.0,236.8,24.8,51.5,1007.6,74.0
2018-02-02,63.994,1.1,-1.5,3.5,0.1,0.0,217.4,22.3,44.3,1003.6,81.0
2018-03-02,93.139,-8.5,-12.7,-3.6,0.0,0.0,59.6,15.1,38.9,1003.5,305.0
2018-04-02,1.893,6.4,-0.9,11.5,0.0,0.0,215.6,16.2,36.0,1009.2,460.0
2018-05-02,2.18,8.8,1.1,14.5,0.0,0.0,81.7,8.6,31.7,1013.3,98.0
2018-06-02,9.333,17.4,14.4,20.9,0.2,0.0,262.8,15.1,33.8,1017.0,119.0
2018-07-02,66.223,16.9,7.0,23.4,0.0,0.0,45.2,9.7,31.3,1017.0,906.0
2018-08-02,161.379,22.8,16.3,27.1,16.2,0.0,53.3,10.1,80.3,1021.3,503.0
2018-09-02,81.823,13.7,12.5,14.5,1.6,0.0,26.0,11.2,32.8,1023.2,0.0
2018-10-02,136.701,6.8,2.4,10.4,0.4,0.0,239.5,28.1,60.5,1017.8,14.0
2018-11-02,76.312,8.9,6.1,12.7,0.0,0.0,233.2,14.4,46.4,1021.6,285.0
2018-12-02,106.57,8.5,5.9,11.7,0.4,0.0,210.0,27.0,51.1,1003.0,0.0
2018-02-13,282.385,-1.2,-4.6,3.1,0.0,10.0,198.4,13.7,25.2,1016.2,503.0
2018-02-14,293.919,-2.3,-7.4,3.1,0.0,0.0,155.6,10.8,25.6,1019.4,528.0
2018-02-15,46.684,0.0,-3.3,2.3,0.5,0.0,183.6,21.2,50.0,1017.1,0.0
2018-02-16,202.652,1.3,-2.5,5.3,0.0,0.0,243.3,17.6,43.2,1024.4,365.0
2018-02-17,94.626,-1.1,-3.5,1.2,0.0,0.0,46.4,8.6,21.6,1024.7,0.0
2018-02-18,172.73,0.3,-2.4,4.0,0.0,0.0,165.5,8.3,21.6,1027.4,208.0
2018-02-19,145.998,-1.3,-3.9,1.4,0.0,0.0,173.0,9.0,20.5,1021.1,51.0
2018-02-20,76.86,-2.5,-5.1,-1.3,0.0,0.0,26.2,6.1,19.4,1018.8,25.0
2018-02-21,212.409,-2.7,-5.9,0.5,0.0,0.0,37.2,10.8,27.0,1024.0,376.0
2018-02-22,275.217,-2.9,-5.7,1.1,0.0,0.0,53.8,14.8,44.3,1023.7,377.0
2018-02-23,296.001,-5.3,-8.1,-1.7,0.0,0.0,55.0,14.8,38.5,1024.0,545.0
2018-02-24,168.096,-5.7,-9.5,-0.8,0.0,0.0,62.1,15.8,45.7,1027.6,278.0
2018-02-25,310.466,-8.0,-11.2,-4.4,0.0,0.0,54.2,14.0,38.9,1030.1,505.0
2018-02-26,98.846,-8.2,-10.4,-6.1,0.2,0.0,43.3,14.8,40.7,1026.9,72.0
2018-02-27,304.496,-9.9,-14.6,-5.3,0.0,0.0,44.6,13.3,34.6,1022.0,576.0
2018-02-28,133.415,-11.0,-14.1,-7.7,0.0,0.0,62.5,15.5,37.4,1023.5,32.0
2018-01-03,332.95,5.5,3.5,8.6,7.1,0.0,227.4,45.4,90.0,992.6,77.0
2018-02-03,237.182,0.9,-0.9,2.0,0.3,0.0,259.7,13.7,29.5,1005.6,18.0
2018-03-03,36.055,-6.0,-8.5,-2.7,1.4,0.0,63.2,12.2,27.7,1002.4,37.0
2018-04-03,183.083,13.4,7.7,19.3,0.1,0.0,211.4,22.0,47.2,1003.1,393.0
2018-05-03,264.763,11.6,5.7,16.1,0.0,0.0,329.9,11.5,28.4,1015.0,229.0
2018-06-03,144.634,18.6,11.9,23.8,0.0,0.0,307.5,8.3,20.5,1016.9,606.0
2018-07-03,214.687,19.3,8.0,26.7,0.0,0.0,121.9,7.6,29.9,1016.1,902.0
2018-08-03,273.051,25.3,18.2,31.5,0.0,0.0,29.7,7.2,27.0,1019.7,796.0
2018-09-03,221.08,15.7,13.5,17.7,12.7,0.0,9.8,6.1,21.2,1016.8,0.0
2018-10-03,201.616,10.3,5.4,14.1,0.1,0.0,268.0,22.3,53.6,1021.8,216.0
2018-11-03,255.001,6.8,5.2,8.8,0.0,0.0,34.3,6.5,20.9,1028.0,16.0
2018-12-03,70.445,10.4,8.6,12.3,3.5,0.0,216.7,21.2,47.9,1001.3,132.0
2018-03-13,151.384,6.9,2.2,10.7,1.6,0.0,236.7,28.1,59.0,1001.0,199.0
2018-03-14,131.724,3.2,0.6,5.3,1.3,0.0,296.6,13.0,31.7,1011.3,5.0
2018-03-15,336.336,3.5,-1.6,9.7,0.0,0.0,85.1,15.5,38.5,1003.9,497.0
2018-03-16,12.946,-0.4,-3.8,1.9,15.3,10.0,48.3,15.8,37.1,1004.1,0.0
2018-03-17,11.069,-6.2,-7.4,-3.8,0.7,40.0,55.0,22.7,49.0,1009.5,0.0
2018-03-18,144.279,-6.0,-7.9,-4.2,0.0,50.0,64.2,27.0,59.8,1012.1,340.0
2018-03-19,338.391,-5.7,-9.2,-2.3,0.0,40.0,53.0,14.4,39.2,1014.0,623.0
2018-03-20,41.326,-4.6,-10.8,-0.3,1.8,20.0,285.2,16.6,45.4,1017.4,0.0
2018-03-21,416.25,-2.0,-9.0,3.4,0.0,20.0,259.4,11.2,20.9,1027.1,652.0
2018-03-22,132.339,0.7,-1.9,2.6,0.7,0.0,233.7,22.0,45.4,1015.3,0.0
2018-03-23,177.383,3.3,0.6,6.3,0.1,0.0,254.4,13.0,23.0,1007.2,7.0
2018-03-24,384.071,4.8,-0.7,9.4,0.0,0.0,93.5,9.7,32.4,1003.9,488.0
2018-03-25,403.768,4.3,-3.0,10.4,0.0,0.0,,7.9,21.6,1007.3,607.0
2018-03-26,100.511,4.6,1.6,8.5,0.1,0.0,281.4,9.7,28.4,1013.3,44.0
2018-03-27,245.489,4.1,-1.2,9.0,0.0,0.0,154.0,7.9,26.6,1013.1,316.0
2018-03-28,90.503,6.3,4.1,9.2,1.6,0.0,202.0,16.2,54.4,1002.0,0.0
2018-03-29,234.316,4.0,0.1,8.6,0.8,0.0,246.6,25.2,59.4,1005.2,153.0
2018-03-30,353.206,6.5,-0.2,12.7,0.0,0.0,131.8,13.3,36.4,1004.0,413.0
2018-03-31,85.296,4.0,2.4,6.2,12.1,0.0,349.3,11.9,28.4,998.8,7.0
2018-01-04,170.078,6.0,4.4,8.9,1.9,0.0,228.3,31.0,73.8,995.4,2.0
2018-02-04,395.41,-2.1,-4.8,0.1,4.9,30.0,27.1,13.3,27.4,1017.3,0.0
2018-03-04,312.302,-0.8,-7.5,6.4,0.2,0.0,46.4,9.4,25.6,1000.8,201.0
2018-04-04,362.536,13.4,7.4,20.7,3.3,0.0,203.5,20.2,83.2,1002.6,376.0
2018-05-04,211.811,10.9,7.5,14.7,0.0,0.0,45.7,10.4,28.1,1022.3,74.0
2018-06-04,497.992,19.9,12.8,25.5,0.0,0.0,355.2,8.3,27.7,1011.7,818.0
2018-07-04,484.445,21.9,9.3,29.6,0.0,0.0,250.3,9.7,30.2,1013.1,656.0
2018-08-04,469.345,26.0,18.4,32.1,0.0,0.0,348.3,7.6,26.3,1016.1,560.0
2018-09-04,315.415,19.1,13.4,25.2,0.0,0.0,29.1,7.6,22.7,1015.3,583.0
2018-10-04,433.608,9.3,2.4,15.1,0.0,0.0,240.8,11.2,21.2,1026.7,43.0
2018-11-04,222.83,7.4,6.0,9.1,0.0,0.0,28.8,6.5,11.9,1018.5,0.0
2018-12-04,323.217,5.1,-1.7,10.0,2.7,0.0,273.4,19.1,46.8,1016.8,225.0
2018-04-13,212.718,12.3,9.0,17.0,6.0,0.0,31.5,18.0,54.7,1004.9,68.0
2018-04-14,462.396,13.4,8.8,18.8,1.9,0.0,224.4,19.4,43.2,1016.8,540.0
2018-04-15,384.822,13.9,7.8,18.8,0.0,0.0,38.1,7.9,19.4,1012.5,446.0
2018-04-16,159.147,13.2,10.3,16.4,0.6,0.0,309.6,7.6,21.2,1013.9,28.0
2018-04-17,455.623,13.2,7.5,18.6,0.0,0.0,129.4,7.9,,1025.2,515.0
2018-04-18,482.329,16.0,7.7,22.2,0.0,0.0,119.0,9.9,,1030.7,763.0
2018-04-19,488.762,17.1,8.0,23.6,0.0,0.0,88.2,9.8,29.9,1029.0,765.0
2018-04-20,475.129,18.5,9.7,25.3,0.0,0.0,143.9,7.6,16.9,1022.7,766.0
2018-04-21,419.599,16.8,10.3,22.6,0.0,0.0,3.5,8.3,25.9,1019.1,714.0
2018-04-22,388.842,17.4,10.1,25.5,0.0,0.0,172.5,9.0,32.0,1013.8,610.0
2018-04-23,273.681,15.8,9.1,21.1,0.3,0.0,261.3,15.1,41.4,1012.9,247.0
2018-04-24,320.327,13.2,7.2,17.2,0.0,0.0,227.7,18.0,40.0,1014.6,252.0
2018-04-25,282.179,12.7,7.3,17.3,4.2,0.0,231.9,22.7,64.1,1009.6,299.0
2018-04-26,350.965,8.7,5.7,12.2,0.7,0.0,256.5,19.8,56.5,1015.1,379.0
2018-04-27,444.835,10.8,3.8,16.9,0.0,0.0,160.8,10.4,33.8,1012.7,637.0
2018-04-28,455.208,13.3,5.0,19.9,0.1,0.0,230.3,15.8,45.4,1010.7,548.0
2018-04-29,471.617,15.8,9.7,21.8,4.4,0.0,71.3,10.8,30.6,1007.1,628.0
2018-04-30,372.269,14.0,10.4,17.6,0.0,0.0,224.2,24.1,60.5,1001.3,456.0
2018-01-05,439.396,6.6,3.9,8.6,0.2,0.0,230.5,29.9,76.3,997.8,15.0
2018-02-05,307.708,-4.1,-6.6,-2.0,0.0,30.0,72.4,9.0,28.4,1027.0,12.0
2018-03-05,277.345,5.2,-0.4,9.8,0.0,0.0,178.7,13.7,39.2,996.8,380.0
2018-04-05,320.515,7.5,0.0,12.2,5.6,0.0,241.1,26.6,60.1,1010.6,163.0
2018-05-05,528.216,12.2,5.2,18.1,0.0,0.0,47.2,12.2,39.6,1025.1,827.0
2018-06-05,534.062,17.4,14.2,22.1,0.0,0.0,23.7,7.9,25.9,1012.1,362.0
2018-07-05,525.673,21.8,15.4,29.9,3.3,0.0,249.6,15.8,47.5,1011.0,694.0
2018-08-05,512.916,21.7,16.0,26.3,0.0,0.0,360.0,10.1,28.1,1019.1,372.0
2018-09-05,440.33,18.8,12.7,24.6,0.0,0.0,59.8,6.8,27.4,1016.4,683.0
2018-10-05,266.848,12.8,4.5,19.9,0.0,0.0,154.3,11.2,26.6,1020.1,615.0
2018-11-05,375.499,8.2,3.0,10.9,0.0,0.0,44.6,5.8,15.8,1010.5,63.0
2018-12-05,491.373,1.8,-2.2,5.7,0.0,0.0,174.8,15.1,33.5,1025.6,315.0
2018-05-13,444.789,18.3,12.6,24.5,0.4,0.0,45.5,11.2,43.9,1009.2,738.0
2018-05-14,541.441,17.4,11.6,23.5,0.0,0.0,40.5,15.1,47.5,1010.1,851.0
2018-05-15,307.741,13.0,8.8,19.2,8.2,0.0,18.5,11.5,38.9,1013.4,282.0
2018-05-16,261.598,13.7,10.6,16.9,3.4,0.0,356.8,9.7,29.5,1012.8,175.0
2018-05-17,493.371,12.8,8.8,16.4,0.0,0.0,295.4,20.2,38.2,1015.7,671.0
2018-05-18,216.241,10.1,7.9,12.5,0.0,0.0,305.6,11.2,26.6,1020.0,11.0
2018-05-19,344.475,12.1,8.6,16.0,0.0,0.0,42.5,6.8,23.0,1021.2,311.0
2018-05-20,553.381,14.8,8.3,20.5,0.0,0.0,41.8,11.2,39.6,1021.8,859.0
2018-05-21,549.142,16.0,9.7,21.7,0.0,0.0,55.9,13.0,45.0,1016.9,869.0
2018-05-22,509.325,17.3,10.5,23.3,0.0,0.0,35.0,9.4,30.2,1013.0,715.0
2018-05-23,330.731,17.5,12.0,23.8,4.1,0.0,41.5,13.3,47.9,1018.0,521.0
2018-05-24,108.662,14.8,13.3,16.4,20.9,0.0,53.8,10.4,26.3,1019.6,0.0
2018-05-25,357.893,17.4,13.4,21.8,0.0,0.0,62.2,6.5,25.9,1018.8,261.0
2018-05-26,481.405,19.2,11.4,24.9,0.0,0.0,76.0,7.2,27.7,1020.3,779.0
2018-05-27,410.593,18.8,12.9,23.9,1.1,0.0,60.5,7.6,27.4,1018.9,450.0
2018-05-28,516.199,21.5,13.5,27.3,0.0,0.0,81.8,9.0,27.7,1016.9,852.0
2018-05-29,328.898,22.0,16.4,26.8,0.0,0.0,69.5,10.1,45.4,1012.5,407.0
2018-05-30,383.299,20.5,15.9,24.4,1.5,0.0,324.7,7.9,20.2,1013.7,420.0
2018-05-31,407.081,21.6,15.1,26.5,0.1,0.0,13.3,6.5,24.1,1013.4,519.0
2018-01-06,472.904,5.9,3.7,7.8,4.0,0.0,199.9,10.4,33.5,1008.4,33.0
2018-02-06,202.208,-6.0,-10.0,-3.3,0.0,30.0,48.5,6.8,18.7,1017.6,156.0
2018-03-06,456.851,0.3,-3.3,3.2,0.0,0.0,54.6,7.2,19.1,992.7,0.0
2018-04-06,539.987,5.7,-2.0,12.7,0.0,0.0,134.8,11.5,36.4,1022.5,725.0
2018-05-06,315.516,14.1,6.3,19.7,0.0,0.0,61.4,10.8,38.2,1024.4,832.0
2018-06-06,541.971,19.3,12.2,24.9,0.0,0.0,64.3,10.8,33.5,1013.5,838.0
2018-07-06,339.153,18.0,12.5,22.4,0.0,0.0,297.6,14.8,38.2,1016.9,590.0
2018-08-06,428.66,22.1,11.8,29.5,0.0,0.0,99.9,7.9,24.8,1016.8,826.0
2018-09-06,414.728,18.7,13.8,26.2,6.9,0.0,88.7,7.2,52.2,1011.2,337.0
2018-10-06,396.208,16.3,8.9,24.1,0.0,0.0,194.1,14.8,37.4,1010.6,414.0
2018-11-06,136.143,7.9,1.7,11.1,0.0,0.0,127.3,8.6,22.7,1009.5,403.0
2018-12-06,259.15,6.7,3.6,10.2,0.5,0.0,211.1,22.7,42.5,1016.8,10.0
2018-06-13,248.142,13.2,11.7,14.9,0.0,0.0,318.7,14.0,31.3,1013.3,22.0
2018-06-14,529.448,15.4,11.6,21.2,0.0,0.0,255.1,10.4,42.8,1015.3,600.0
2018-06-15,255.561,16.7,12.4,19.7,0.0,0.0,236.8,6.8,20.2,1016.5,89.0
2018-06-16,354.584,19.8,15.7,24.5,0.0,0.0,213.3,7.2,20.9,1014.8,179.0
2018-06-17,371.777,17.7,12.7,22.0,0.0,0.0,257.2,13.7,40.0,1016.0,339.0
2018-06-18,436.596,17.4,13.3,22.1,0.0,0.0,262.9,15.5,36.7,1020.2,445.0
2018-06-19,332.209,18.7,13.8,22.2,0.0,0.0,263.6,14.4,36.7,1022.0,207.0
2018-06-20,486.378,21.3,12.7,28.4,0.0,0.0,240.7,9.0,29.5,1019.6,758.0
2018-06-21,427.864,17.0,8.5,25.2,0.5,0.0,258.4,22.0,65.5,1014.8,672.0
2018-06-22,284.662,10.4,6.6,15.2,2.6,0.0,268.2,24.1,54.4,1021.0,192.0
2018-06-23,161.324,10.6,7.3,13.2,0.5,0.0,266.3,15.8,41.0,1023.1,11.0
2018-06-24,312.998,13.0,10.3,16.9,0.0,0.0,291.9,14.8,36.0,1020.4,122.0
2018-06-25,371.241,14.9,11.4,19.9,1.3,0.0,294.6,12.6,35.6,1021.3,211.0
2018-06-26,412.827,17.1,12.8,22.9,0.2,0.0,349.2,9.0,32.4,1022.5,445.0
2018-06-27,480.956,17.9,13.4,22.4,0.0,0.0,30.4,12.6,34.9,1023.0,750.0
2018-06-28,344.669,19.6,12.8,26.8,0.0,0.0,34.5,13.3,49.3,1019.7,466.0
2018-06-29,539.011,22.5,16.3,29.0,0.0,0.0,13.3,12.6,33.8,1015.2,796.0
2018-06-30,581.504,17.5,12.3,22.5,0.0,0.0,48.1,14.8,43.2,1017.1,795.0
2018-01-07,589.171,1.3,0.1,3.8,9.4,0.0,49.2,18.4,40.3,1024.5,0.0
2018-02-07,572.762,-4.1,-8.4,-1.2,0.0,20.0,39.9,5.8,15.8,1015.7,400.0
2018-03-07,558.561,3.4,-1.6,9.9,0.0,0.0,222.4,19.1,54.4,994.5,146.0
2018-04-07,437.922,12.2,2.8,22.8,0.0,0.0,104.7,11.5,32.0,1014.3,728.0
2018-05-07,419.174,15.5,6.7,21.5,0.0,0.0,61.8,10.8,37.4,1019.9,835.0
2018-06-07,516.912,19.4,13.2,26.5,0.0,0.0,30.8,9.7,41.4,1014.2,375.0
2018-07-07,577.796,17.7,8.9,24.9,0.0,0.0,299.7,15.5,39.2,1020.6,867.0
2018-08-07,482.662,26.8,16.0,34.7,0.0,0.0,189.2,13.0,43.6,1010.3,540.0
2018-09-07,539.979,16.2,10.9,22.6,1.8,0.0,257.6,14.8,48.2,1012.8,245.0
2018-10-07,287.607,11.2,6.8,15.1,0.0,0.0,333.6,11.5,27.7,1016.5,39.0
2018-11-07,247.084,9.3,4.3,15.1,0.0,0.0,210.4,9.7,23.8,1011.7,477.0
2018-12-07,281.13,10.1,4.5,11.4,1.2,0.0,221.2,31.7,85.0,1006.8,0.0
2018-07-13,526.877,20.2,12.5,27.2,0.0,0.0,291.7,14.4,33.8,1017.8,779.0
2018-07-14,501.125,20.0,11.8,27.2,0.0,0.0,322.0,7.9,25.2,1017.9,720.0
2018-07-15,525.16,20.2,13.6,26.3,0.0,0.0,39.1,9.4,30.2,1015.6,832.0
2018-07-16,336.74,19.8,13.9,25.5,0.0,0.0,68.5,9.7,29.2,1012.9,528.0
2018-07-17,535.472,22.2,12.2,30.0,0.0,0.0,266.1,16.6,43.6,1012.0,835.0
2018-07-18,519.871,21.1,15.5,26.3,0.0,0.0,300.7,16.2,42.8,1015.6,724.0
2018-07-19,541.941,20.0,10.2,27.2,0.0,0.0,340.8,8.6,29.5,1016.6,875.0
2018-07-20,467.099,21.8,10.8,29.1,0.0,0.0,20.1,7.2,24.5,1012.8,738.0
2018-07-21,157.539,19.0,16.2,23.6,1.5,0.0,331.5,10.1,29.5,1011.1,150.0
2018-07-22,152.169,18.3,15.8,23.0,4.3,0.0,228.9,10.8,20.9,1013.6,95.0
2018-07-23,454.156,22.1,14.4,29.1,0.0,0.0,265.3,9.0,27.7,1015.4,669.0
2018-07-24,512.036,23.9,14.2,30.9,0.0,0.0,78.3,7.6,29.9,1014.2,863.0
2018-07-25,472.956,25.8,16.2,32.5,0.0,0.0,44.5,8.6,33.8,1013.8,746.0
2018-07-26,496.546,26.1,18.1,32.2,0.0,0.0,54.5,10.4,33.5,1014.7,859.0
2018-07-27,405.858,24.2,16.6,31.1,0.0,0.0,66.9,10.4,42.8,1012.7,601.0
2018-07-28,350.912,23.3,16.8,31.2,1.9,0.0,211.9,11.5,58.7,1008.4,471.0
2018-07-29,378.008,22.9,15.4,29.8,0.0,0.0,156.2,10.1,27.7,1014.1,398.0
2018-07-30,458.149,26.8,17.4,33.3,0.0,0.0,146.9,8.6,33.1,1014.2,723.0
2018-07-31,376.118,28.0,17.9,36.5,0.0,0.0,233.2,8.3,37.4,1014.0,656.0
2018-01-08,367.771,-0.4,-1.1,0.2,0.0,0.0,60.8,17.3,37.8,1027.7,0.0
2018-02-08,384.295,-2.6,-4.5,-0.9,0.0,20.0,43.1,5.0,11.2,1019.8,205.0
2018-03-08,474.99,5.3,1.8,8.9,2.9,0.0,223.9,29.9,74.5,1001.8,345.0
2018-04-08,393.491,13.7,8.0,20.2,0.0,0.0,107.8,12.6,33.1,1008.7,730.0
2018-05-08,354.065,17.0,8.2,23.3,0.0,0.0,68.3,10.4,36.4,1012.6,835.0
2018-06-08,513.63,22.6,16.9,27.7,0.0,0.0,138.7,7.9,24.5,1011.6,637.0
2018-07-08,381.539,18.6,10.7,25.3,0.0,0.0,320.5,10.8,27.0,1020.6,539.0
2018-08-08,389.159,26.1,19.5,32.6,0.0,0.0,220.7,18.4,48.2,1010.5,596.0
2018-09-08,412.726,14.3,7.4,20.6,0.0,0.0,235.1,10.4,32.8,1019.8,662.0
2018-10-08,449.147,9.8,5.7,15.0,0.0,0.0,53.6,6.5,15.1,1021.8,313.0
2018-11-08,401.332,9.8,5.8,13.1,1.0,0.0,226.6,9.4,20.2,1020.1,44.0
2018-12-08,487.15,5.7,3.3,8.0,5.1,0.0,232.4,37.1,68.0,1003.1,40.0
2018-08-13,206.879,19.1,11.7,27.1,0.1,0.0,211.8,17.3,54.0,1008.3,340.0
2018-08-14,278.248,17.7,13.5,22.4,1.3,0.0,248.3,20.2,45.0,1012.4,289.0
2018-08-15,320.414,18.3,13.0,23.8,0.0,0.0,263.1,10.8,32.4,1018.6,310.0
2018-08-16,471.305,21.2,10.9,29.8,0.0,0.0,210.4,8.3,29.2,1015.6,785.0
2018-08-17,382.895,22.2,14.1,30.1,5.0,0.0,282.5,11.2,36.7,1014.3,557.0
2018-08-18,360.226,20.5,16.3,25.6,0.0,0.0,43.3,7.2,24.1,1020.0,313.0
2018-08-19,473.541,21.8,13.1,30.9,0.0,0.0,242.6,11.2,40.7,1018.8,768.0
2018-08-20,239.05,20.1,13.3,24.5,0.0,0.0,270.5,12.6,30.6,1017.9,111.0
2018-08-21,265.448,20.0,16.1,24.0,0.5,0.0,41.5,8.6,22.3,1019.9,157.0
2018-08-22,409.614,21.7,13.3,29.6,0.0,0.0,44.8,7.2,23.0,1016.7,554.0
2018-08-23,325.587,22.4,15.1,32.2,1.8,0.0,204.7,15.5,59.0,1010.8,483.0
2018-08-24,206.862,17.5,13.5,22.5,1.3,0.0,246.7,16.2,49.3,1009.8,139.0
2018-08-25,256.355,13.6,7.2,16.9,0.1,0.0,232.6,19.1,53.3,1010.8,255.0
2018-08-26,440.485,12.8,5.7,19.7,0.0,0.0,244.5,15.1,37.8,1015.9,591.0
2018-08-27,210.968,16.2,11.0,21.4,0.0,0.0,204.6,24.8,56.9,1013.0,178.0
2018-08-28,427.409,17.9,14.3,22.7,0.0,0.0,313.1,7.9,24.8,1018.5,524.0
2018-08-29,428.643,20.6,11.6,29.0,0.0,0.0,171.7,9.4,35.6,1013.0,705.0
2018-08-30,153.624,16.5,11.0,20.1,0.4,0.0,270.9,19.1,42.5,1016.3,102.0
2018-08-31,300.485,14.1,8.8,19.0,0.0,0.0,322.8,9.4,22.3,1021.2,214.0
2018-01-09,394.873,0.4,-0.9,2.3,0.0,0.0,41.8,13.0,30.6,1015.8,0.0
2018-02-09,38.111,-4.3,-11.1,-0.5,0.0,20.0,185.2,8.6,18.4,1017.1,115.0
2018-03-09,77.207,4.1,0.9,7.1,0.0,0.0,221.3,21.6,41.4,1007.4,315.0
2018-04-09,371.222,12.9,5.0,19.5,0.0,0.0,79.8,8.6,26.3,1005.1,439.0
2018-05-09,372.07,17.4,9.6,23.6,0.0,0.0,47.6,10.4,31.0,1007.6,632.0
2018-06-09,264.255,21.2,14.3,28.4,0.0,0.0,308.9,9.4,48.6,1010.6,505.0
2018-07-09,246.145,18.4,11.5,24.5,0.0,0.0,302.8,14.0,42.8,1019.1,656.0
2018-08-09,427.308,24.4,18.1,33.9,0.0,0.0,184.2,16.2,83.5,1011.9,547.0
2018-09-09,290.157,16.8,10.6,23.1,0.0,0.0,209.0,11.9,27.0,1020.8,239.0
2018-10-09,288.638,12.5,5.4,19.6,0.0,0.0,161.0,7.9,15.1,1022.3,411.0
2018-11-09,381.623,8.0,5.4,10.0,0.0,0.0,94.9,8.6,28.4,1016.1,63.0
2018-12-09,421.479,5.9,2.9,8.6,10.1,0.0,248.1,37.1,75.6,997.9,44.0
2018-09-13,52.614,14.1,12.7,15.2,0.0,0.0,44.4,8.6,23.8,1019.7,0.0
2018-09-14,172.203,14.1,10.9,18.6,1.3,0.0,31.4,6.8,15.8,1019.7,178.0
2018-09-15,333.959,14.3,8.8,20.6,0.0,0.0,262.1,13.0,34.2,1022.7,452.0
2018-09-16,398.031,15.2,7.0,23.1,0.0,0.0,184.1,7.9,23.0,1022.7,650.0
2018-09-17,352.153,17.4,7.2,25.8,0.0,0.0,189.5,9.7,19.4,1019.0,593.0
2018-09-18,395.572,20.8,10.6,29.4,0.0,0.0,201.2,16.6,42.8,1014.7,671.0
2018-09-19,373.364,22.0,14.4,28.5,0.0,0.0,218.4,16.6,43.2,1017.1,596.0
2018-09-20,345.16,21.7,16.0,28.5,0.0,0.0,208.8,16.6,46.1,1016.0,558.0
2018-09-21,156.203,18.3,10.6,26.7,3.7,0.0,210.2,28.4,79.2,1009.5,166.0
2018-09-22,245.284,12.2,9.7,16.1,0.0,0.0,244.1,25.9,51.8,1018.6,175.0
2018-09-23,61.645,9.8,6.6,12.3,34.2,0.0,174.4,15.8,53.3,1011.7,0.0
2018-09-24,329.928,8.6,4.8,12.9,1.1,0.0,282.9,23.0,52.9,1028.4,300.0
2018-09-25,334.07,7.6,2.5,13.2,0.0,0.0,286.4,11.2,26.3,1037.7,510.0
2018-09-26,321.203,10.0,2.0,15.9,0.0,0.0,211.7,15.5,31.7,1033.6,604.0
2018-09-27,371.261,14.2,7.4,23.5,0.0,0.0,226.7,13.3,28.1,1026.6,565.0
2018-09-28,107.062,10.1,5.2,14.6,0.6,0.0,305.7,13.0,26.3,1023.4,158.0
2018-09-29,389.282,7.3,0.7,13.1,0.0,0.0,63.8,8.3,20.9,1027.8,623.0
2018-09-30,386.768,9.4,2.3,16.7,0.0,0.0,129.2,9.0,19.4,1017.1,637.0
2018-01-10,209.418,4.6,-0.4,8.2,0.0,0.0,196.1,11.5,25.9,1012.3,126.0
2018-02-10,85.53,0.3,-1.4,2.2,0.0,20.0,213.3,13.7,31.0,1015.5,147.0
2018-03-10,243.424,9.4,4.6,15.2,0.3,0.0,199.2,19.8,42.8,1003.6,283.0
2018-04-10,165.562,14.1,5.8,21.2,0.0,0.0,29.3,11.5,47.9,1002.6,721.0
2018-05-10,349.091,15.1,10.6,23.0,37.0,0.0,220.9,11.9,37.4,1009.1,419.0
2018-06-10,293.038,20.0,16.4,25.0,0.0,0.0,269.8,11.9,27.7,1010.1,336.0
2018-07-10,55.914,14.8,11.5,19.1,7.9,0.0,296.1,8.6,33.1,1015.1,107.0
2018-08-10,210.996,19.2,14.8,23.6,0.0,0.0,249.2,21.6,46.4,1020.2,529.0
2018-09-10,254.769,18.4,9.1,26.1,0.0,0.0,224.1,15.1,43.2,1020.8,306.0
2018-10-10,302.101,13.4,7.1,21.2,0.0,0.0,128.2,9.0,26.3,1019.8,590.0
2018-11-10,319.629,9.8,5.9,14.5,0.0,0.0,173.7,17.6,32.8,1009.3,270.0
2018-12-10,300.879,2.5,0.7,3.9,2.3,0.0,270.0,27.7,59.0,1014.9,52.0
2018-10-13,301.794,17.7,12.9,25.3,0.0,0.0,130.2,11.5,27.7,1021.0,586.0
2018-10-14,294.758,16.1,9.2,23.1,0.0,0.0,152.4,13.7,27.4,1013.6,581.0
2018-10-15,286.963,15.0,8.2,22.0,0.0,0.0,195.0,9.4,19.8,1014.1,576.0
2018-10-16,136.839,13.1,7.0,20.9,0.0,0.0,251.2,12.2,23.0,1018.0,94.0
2018-10-17,226.627,13.4,7.7,20.4,0.0,0.0,217.9,8.6,15.8,1018.8,380.0
2018-10-18,104.759,11.5,5.9,16.1,0.1,0.0,268.4,9.4,28.1,1021.4,57.0
2018-10-19,103.717,10.8,7.6,12.9,0.0,0.0,49.8,8.6,19.4,1024.4,26.0
2018-10-20,235.796,8.5,3.1,13.9,0.0,0.0,325.3,8.6,22.7,1028.5,460.0
2018-10-21,230.396,7.8,3.0,13.4,0.0,0.0,225.7,9.4,22.3,1028.6,252.0
2018-10-22,62.069,6.2,1.7,11.5,1.2,0.0,250.3,14.0,40.7,1028.9,11.0
2018-10-23,47.94,7.1,2.0,10.4,0.1,0.0,247.2,31.3,68.8,1020.8,0.0
2018-10-24,73.483,10.6,9.4,12.1,6.5,0.0,294.8,24.8,53.3,1017.4,46.0
2018-10-25,58.385,10.9,9.5,12.7,0.0,0.0,265.0,24.5,48.2,1015.7,5.0
2018-10-26,66.611,9.4,7.9,11.3,0.0,0.0,234.6,21.2,50.4,1007.7,44.0
2018-10-27,84.422,5.9,4.1,8.3,0.5,0.0,254.9,15.8,50.0,1007.5,10.0
2018-10-28,20.984,3.0,1.7,4.1,2.6,0.0,34.8,18.0,44.6,1012.1,0.0
2018-10-29,20.583,2.8,2.3,3.6,2.9,0.0,56.7,17.3,37.4,1003.4,0.0
2018-10-30,147.146,6.2,3.6,10.7,1.2,0.0,166.7,27.4,70.6,994.9,132.0
2018-10-31,178.64,7.6,2.7,12.5,0.0,0.0,168.6,15.1,43.6,1015.6,331.0
2018-01-11,113.363,3.0,1.1,4.6,0.6,0.0,177.5,6.1,15.8,1016.5,2.0
2018-02-11,161.584,1.1,-0.4,2.6,0.1,0.0,215.7,25.6,57.2,1005.2,7.0
2018-03-11,77.776,12.1,6.3,18.3,0.0,0.0,174.6,15.5,36.7,997.6,427.0
2018-04-11,29.533,11.8,8.0,15.5,1.6,0.0,92.1,9.4,29.9,1006.4,288.0
2018-05-11,67.955,13.5,9.6,17.3,0.0,0.0,4.6,7.9,20.5,1018.8,187.0
2018-06-11,183.047,17.3,15.2,20.4,1.8,0.0,29.5,7.2,19.1,1010.7,8.0
2018-07-11,212.599,14.5,11.7,18.8,6.4,0.0,260.5,7.9,34.6,1014.4,109.0
2018-08-11,82.632,17.8,11.6,23.0,0.0,0.0,238.7,18.0,51.8,1020.5,459.0
2018-09-11,101.799,19.6,12.7,26.3,0.0,0.0,229.5,19.4,43.9,1021.1,673.0
2018-10-11,140.647,16.4,9.6,24.6,0.0,0.0,118.3,11.5,27.7,1015.2,592.0
2018-11-11,167.386,10.9,7.5,13.6,0.3,0.0,188.3,23.8,53.6,1011.1,296.0
2018-12-11,176.647,2.9,2.0,4.1,0.0,0.0,282.9,24.8,48.6,1018.5,149.0
2018-11-13,107.051,10.2,5.2,13.2,3.2,0.0,225.8,20.2,50.8,1023.5,176.0
2018-11-14,201.995,6.1,1.1,11.2,0.0,0.0,213.3,11.9,22.7,1029.9,433.0
2018-11-15,67.217,1.6,-1.8,3.6,0.0,0.0,340.3,5.8,14.4,1029.0,193.0
2018-11-16,130.537,1.7,-1.0,4.7,0.0,0.0,31.6,7.6,23.0,1031.9,263.0
2018-11-17,38.321,-0.8,-3.0,1.0,0.0,0.0,46.1,9.0,26.6,1034.4,0.0
2018-11-18,111.166,-2.3,-4.7,-0.2,0.1,0.0,45.5,7.9,19.8,1029.8,174.0
2018-11-19,28.609,1.1,-0.9,2.7,4.1,0.0,50.0,18.0,48.6,1018.7,0.0
2018-11-20,3.283,-0.2,-0.7,0.0,4.5,0.0,65.8,18.7,45.4,1013.3,0.0
2018-11-21,3.882,-0.1,-0.5,0.6,0.7,10.0,59.9,13.0,27.7,1018.3,0.0
2018-11-22,11.885,0.7,-0.3,1.8,0.3,10.0,57.8,6.8,16.6,1021.7,0.0
2018-11-23,150.858,0.4,-3.5,1.5,0.0,0.0,71.1,6.1,14.4,1020.1,200.0
2018-11-24,36.788,2.5,0.2,5.2,0.4,0.0,168.0,7.9,24.5,1013.1,0.0
2018-11-25,60.27,4.8,3.7,6.6,0.0,0.0,128.0,11.2,27.0,1010.7,53.0
2018-11-26,6.027,2.2,0.6,3.9,0.6,0.0,46.7,15.1,32.0,1011.7,0.0
2018-11-27,45.101,-0.8,-2.2,0.6,0.0,0.0,53.5,9.7,25.6,1020.9,0.0
2018-11-28,127.448,0.0,-2.7,3.6,0.0,0.0,123.4,11.9,33.8,1025.3,295.0
2018-11-29,104.95,4.4,0.2,8.2,0.0,0.0,171.6,19.4,41.0,1018.9,215.0
2018-11-30,15.838,3.3,1.8,4.9,2.2,0.0,192.4,18.0,42.8,1014.3,0.0
2018-01-12,87.633,2.7,2.1,3.4,0.4,0.0,40.5,6.8,15.8,1025.7,0.0
2018-02-12,20.782,-0.5,-3.9,2.8,1.9,0.0,239.0,18.4,41.0,1011.8,59.0
2018-03-12,47.019,8.6,7.0,10.3,8.7,0.0,230.8,17.6,40.0,993.4,19.0
2018-04-12,128.314,14.7,8.5,21.2,0.0,0.0,65.3,11.9,28.8,1001.7,332.0
2018-05-12,128.19,16.2,11.7,22.7,1.9,0.0,32.9,9.0,47.2,1014.8,462.0
2018-06-12,38.646,15.5,12.8,18.2,1.1,0.0,347.4,10.4,26.3,1010.2,43.0
2018-07-12,15.535,16.8,11.3,22.9,0.1,0.0,277.1,16.2,41.8,1015.5,181.0
2018-08-12,69.087,19.0,8.0,27.4,0.0,0.0,215.5,10.8,29.9,1015.6,734.0
2018-09-12,59.946,20.8,12.7,28.8,0.0,0.0,229.9,18.0,48.6,1019.0,699.0
2018-10-12,71.376,18.2,12.1,24.3,0.0,0.0,188.2,11.2,25.2,1021.0,586.0
2018-11-12,68.197,14.2,9.8,19.6,0.0,0.0,195.0,22.7,48.2,1015.9,307.0
2018-12-12,14.452,1.3,0.0,2.5,1.0,0.0,351.6,12.2,29.2,1023.6,1.0
2018-12-13,35.865,-1.2,-1.9,0.0,0.0,0.0,62.5,11.2,28.4,1022.4,1.0
2018-12-14,17.41,-1.2,-3.0,-0.6,0.0,0.0,73.1,11.9,30.6,1023.5,0.0
2018-12-15,10.89,-1.7,-2.7,-1.0,0.0,0.0,91.9,10.1,22.0,1025.9,0.0
2018-12-16,27.489,-2.1,-4.5,0.0,0.2,0.0,154.9,9.0,23.4,1015.0,0.0
2018-12-17,89.997,2.0,-1.0,5.5,0.0,0.0,210.7,14.0,31.3,1020.3,147.0
2018-12-18,145.225,2.9,-0.2,6.5,0.0,0.0,199.3,15.1,31.0,1024.2,364.0
2018-12-19,12.76,2.6,0.1,4.3,0.0,0.0,173.8,17.3,32.0,1016.0,0.0
2018-12-20,32.629,4.2,1.2,6.1,0.2,0.0,203.4,17.6,36.0,1014.5,35.0
2018-12-21,28.806,7.6,5.0,11.3,2.4,0.0,213.9,34.6,75.6,1006.3,1.0
2018-12-22,45.134,8.0,5.6,10.0,0.2,0.0,251.6,31.3,73.1,1010.2,2.0
2018-12-23,36.41,5.7,2.8,7.8,7.4,0.0,244.2,17.3,37.4,1017.2,0.0
2018-12-24,17.379,1.9,-0.4,3.8,5.8,0.0,321.3,19.1,39.6,1025.0,0.0
2018-12-25,23.498,1.9,-0.6,3.1,0.0,0.0,259.2,17.6,33.5,1032.8,0.0
2018-12-26,17.278,2.0,1.1,2.8,0.4,0.0,255.5,20.9,38.9,1030.7,0.0
2018-12-27,128.445,3.2,0.6,6.6,0.0,0.0,255.0,14.0,25.9,1026.5,342.0
2018-12-28,132.827,1.5,-1.5,3.5,0.0,0.0,257.9,15.1,29.2,1027.8,26.0
2018-12-29,35.28,2.6,0.6,4.8,2.7,0.0,247.6,23.8,55.4,1028.0,7.0
2018-12-30,32.422,5.3,4.3,6.6,0.0,0.0,278.5,25.6,67.7,1027.3,8.0
2018-12-31,26.439,5.8,4.4,7.3,0.9,0.0,264.6,14.4,29.5,1031.0,0.0
2019-01-01,32.152,5.3,-0.1,6.9,2.0,0.0,262.3,29.2,69.8,1023.4,0.0
2019-02-01,72.769,0.4,-3.9,4.4,0.0,0.0,99.8,9.4,28.1,992.9,2.0
2019-03-01,123.711,7.0,2.4,9.6,2.2,0.0,275.1,18.4,42.1,1012.5,44.0
2019-04-01,30.162,5.5,-0.5,10.9,0.0,0.0,61.3,13.3,36.4,1022.8,707.0
2019-05-01,25.553,12.0,5.0,17.9,0.0,0.0,282.3,14.0,31.7,1014.1,359.0
2019-06-01,13.735,19.3,10.7,25.5,0.0,0.0,254.9,9.4,28.4,1020.9,725.0
2019-07-01,34.248,22.0,15.4,27.3,0.0,0.0,295.9,13.3,42.8,1014.5,397.0
2019-08-01,36.244,19.0,12.2,25.1,0.0,0.0,253.4,10.8,34.2,1016.1,488.0
2019-09-01,14.7,19.6,13.7,24.6,0.0,0.0,260.9,17.3,50.0,1011.9,251.0
2019-10-01,0.0,14.7,10.2,18.7,2.6,0.0,221.3,30.2,62.6,1002.6,261.0
2019-11-01,0.0,1.9,-4.1,9.3,0.0,0.0,172.0,13.7,34.6,1011.7,175.0
2019-12-01,18.765,-1.7,-3.3,0.3,0.0,0.0,38.1,6.8,15.5,1021.7,27.0
2019-01-13,19.932,5.1,3.1,7.4,4.6,0.0,254.4,31.7,77.0,1001.2,0.0
2019-01-14,19.119,2.0,-0.4,5.2,1.7,0.0,294.2,28.8,61.2,1007.2,3.0
2019-01-15,44.945,2.8,0.6,4.7,0.0,0.0,256.2,33.8,62.6,1015.1,0.0
2019-01-16,27.003,3.7,0.9,5.1,0.0,0.0,228.4,25.9,54.0,1009.4,10.0
2019-01-17,59.977,3.2,-0.5,5.7,2.2,0.0,235.7,29.5,63.4,1002.5,70.0
2019-01-18,150.629,-1.8,-5.5,0.7,0.0,0.0,256.3,15.5,41.8,1017.9,439.0
2019-01-19,127.772,-4.4,-7.1,-1.7,0.0,0.0,81.1,7.6,16.6,1019.2,424.0
2019-01-20,153.842,-5.7,-9.7,-2.7,0.0,0.0,118.5,6.5,15.1,1018.8,438.0
2019-01-21,86.253,-6.2,-10.4,-1.6,0.0,0.0,255.2,7.2,18.4,1022.3,262.0
2019-01-22,157.109,-7.0,-10.9,-1.5,0.0,0.0,195.6,10.1,22.3,1011.5,443.0
2019-01-23,69.901,-7.9,-10.6,-4.9,0.0,0.0,72.2,7.6,23.8,1002.9,130.0
2019-01-24,33.996,-5.8,-8.0,-4.4,0.2,0.0,28.7,6.5,17.3,1010.6,0.0
2019-01-25,32.903,-4.4,-5.9,-1.1,0.1,20.0,255.6,13.7,38.9,1014.3,53.0
2019-01-26,27.025,2.2,-1.1,4.4,1.1,40.0,234.2,29.2,57.2,1004.4,0.0
2019-01-27,134.932,4.1,1.2,6.7,0.6,0.0,205.0,24.8,45.0,989.8,50.0
2019-01-28,49.8,1.5,-0.2,3.1,1.1,0.0,236.0,26.6,51.1,992.4,35.0
2019-01-29,62.851,0.0,-2.4,2.0,0.1,0.0,241.8,17.6,47.2,1004.3,45.0
2019-01-30,45.461,-0.9,-4.3,1.8,0.0,0.0,143.7,15.5,40.7,996.6,0.0
2019-01-31,180.741,-0.3,-3.7,3.6,0.0,0.0,179.0,13.3,30.6,998.3,442.0
2019-01-02,43.295,1.1,-1.5,2.8,2.1,0.0,318.3,27.4,55.1,1028.3,132.0
2019-02-02,17.745,-0.1,-0.8,0.6,2.4,20.0,353.8,5.0,12.6,997.4,0.0
2019-03-02,16.956,4.4,2.2,7.8,0.4,0.0,246.5,13.7,39.6,1015.4,0.0
2019-04-02,180.824,9.6,-0.1,17.8,0.0,0.0,128.5,11.5,41.0,1009.9,499.0
2019-05-02,65.547,11.0,4.7,16.5,0.0,0.0,272.8,15.5,37.8,1007.9,601.0
2019-06-02,159.136,22.6,14.5,29.4,0.0,0.0,190.8,12.2,27.0,1015.8,892.0
2019-07-02,46.044,16.4,11.4,21.7,0.0,0.0,305.0,14.4,36.4,1020.3,487.0
2019-08-02,154.883,18.2,14.7,26.2,0.5,0.0,245.3,9.4,52.9,1013.9,115.0
2019-09-02,144.516,14.4,8.0,20.0,0.0,0.0,284.1,13.0,34.2,1021.5,575.0
2019-10-02,50.906,9.9,5.3,14.4,11.7,0.0,271.9,18.0,39.6,1006.4,168.0
2019-11-02,133.778,12.9,9.3,16.0,0.1,0.0,203.8,23.0,52.9,993.8,63.0
2019-12-02,68.815,1.1,-1.4,3.3,0.0,0.0,270.5,16.6,38.9,1023.3,58.0
2019-02-13,84.625,3.4,-0.2,7.8,0.0,0.0,243.1,19.1,43.6,1035.2,12.0
2019-02-14,175.277,2.7,-2.4,9.9,0.0,0.0,223.6,12.2,28.4,1036.4,356.0
2019-02-15,230.755,4.1,-2.8,11.8,0.0,0.0,209.7,11.2,19.8,1033.8,533.0
2019-02-16,234.693,7.5,2.5,15.7,0.0,0.0,203.8,10.8,28.1,1027.0,536.0
2019-02-17,204.093,6.5,-1.0,13.9,0.0,0.0,173.1,13.0,29.9,1024.0,497.0
2019-02-18,232.99,7.2,-0.9,14.3,0.0,0.0,199.3,12.2,25.2,1019.3,544.0
2019-02-19,103.382,5.2,1.1,9.3,0.0,0.0,229.9,19.1,43.6,1017.9,150.0
2019-02-20,121.226,4.5,-0.4,8.7,0.0,0.0,235.8,15.5,34.2,1023.2,45.0
2019-02-21,92.52,6.6,2.7,10.7,0.0,0.0,237.6,17.3,37.4,1026.0,76.0
2019-02-22,30.328,4.8,-1.9,8.0,1.0,0.0,8.6,16.2,38.2,1035.3,0.0
2019-02-23,202.695,0.6,-3.8,5.8,0.0,0.0,80.6,8.3,23.0,1041.5,439.0
2019-02-24,246.135,3.1,-4.6,11.4,0.0,0.0,217.8,8.3,18.0,1039.1,564.0
2019-02-25,228.893,5.6,-2.9,15.3,0.0,0.0,241.4,11.5,19.8,1037.9,565.0
2019-02-26,244.721,6.8,-0.7,16.0,0.0,0.0,258.6,14.0,23.8,1033.8,573.0
2019-02-27,254.366,7.3,-2.5,17.2,0.0,0.0,234.0,13.0,24.8,1026.3,579.0
2019-02-28,190.813,9.1,3.4,14.4,0.0,0.0,250.8,19.8,48.6,1014.0,432.0
2019-01-03,84.531,-1.4,-5.0,1.2,0.0,0.0,292.9,17.6,31.3,1035.3,393.0
2019-02-03,58.337,0.0,-2.5,0.9,0.3,0.0,322.1,16.6,36.4,1015.2,0.0
2019-03-03,92.256,9.2,7.7,10.4,0.0,0.0,225.8,33.8,67.3,1007.9,0.0
2019-04-03,163.421,10.5,3.2,14.7,3.3,0.0,136.0,13.0,55.4,1001.9,162.0
2019-05-03,154.027,7.3,3.5,10.5,0.0,0.0,297.5,15.5,37.1,1009.3,139.0
2019-06-03,139.751,22.7,15.6,30.6,0.0,0.0,198.3,16.6,69.1,1012.6,671.0
2019-07-03,196.559,14.9,6.9,21.7,0.0,0.0,300.9,10.1,33.8,1022.6,603.0
2019-08-03,186.906,17.5,14.6,23.2,12.6,0.0,291.5,9.4,26.6,1014.6,148.0
2019-09-03,172.071,15.6,6.3,23.7,0.0,0.0,233.2,15.8,42.1,1022.6,598.0
2019-10-03,122.432,9.1,7.1,13.0,0.1,0.0,260.9,23.8,46.1,1014.8,52.0
2019-11-03,144.465,11.5,9.9,14.5,3.5,0.0,184.5,16.9,45.7,988.7,104.0
2019-12-03,225.117,3.0,1.2,5.3,0.3,0.0,261.1,14.8,28.1,1027.5,114.0
2019-03-13,183.349,5.1,2.2,8.2,1.9,0.0,227.7,38.5,77.0,1004.4,167.0
2019-03-14,73.693,4.9,3.8,6.4,4.2,0.0,236.6,36.4,66.2,1001.3,3.0
2019-03-15,93.921,7.1,4.7,11.3,12.0,0.0,249.4,31.3,70.2,1002.7,61.0
2019-03-16,78.039,7.5,5.1,11.4,0.8,0.0,243.3,28.1,68.8,1006.9,0.0
2019-03-17,91.665,6.8,1.7,11.0,1.8,0.0,230.2,28.1,67.7,1003.0,106.0
2019-03-18,229.823,3.3,-0.2,7.1,1.1,0.0,246.2,23.4,52.6,1015.4,298.0
2019-03-19,155.338,2.7,-1.6,6.7,0.0,0.0,270.7,12.6,31.0,1027.5,236.0
2019-03-20,326.948,4.2,-3.5,11.5,0.0,0.0,237.5,11.5,25.9,1033.7,657.0
2019-03-21,319.889,7.8,-0.9,15.4,0.0,0.0,225.7,9.0,16.6,1033.9,666.0
2019-03-22,320.112,10.6,2.8,17.8,0.0,0.0,126.1,9.4,26.6,1030.1,655.0
2019-03-23,311.758,10.0,3.3,17.4,0.0,0.0,273.7,12.6,38.5,1027.0,631.0
2019-03-24,60.552,6.1,1.9,7.8,0.0,0.0,32.2,9.4,18.0,1024.8,0.0
2019-03-25,209.905,3.2,-0.7,6.9,1.3,0.0,273.7,24.1,56.9,1018.9,290.0
2019-03-26,117.648,4.4,-0.8,7.5,0.4,0.0,284.5,19.8,41.0,1027.4,84.0
2019-03-27,160.509,6.3,0.2,9.9,0.3,0.0,289.9,13.7,26.6,1031.3,65.0
2019-03-28,137.284,8.2,5.4,11.3,0.2,0.0,303.4,10.4,21.6,1033.5,28.0
2019-03-29,239.884,9.1,2.3,14.2,0.0,0.0,31.0,6.1,16.6,1031.1,273.0
2019-03-30,337.035,10.2,1.2,18.1,0.0,0.0,216.3,12.6,29.9,1022.6,678.0
2019-03-31,180.691,6.9,2.3,10.2,0.0,0.0,,11.5,32.8,1022.8,152.0
2019-01-04,356.708,0.5,-0.9,2.5,0.0,0.0,271.8,20.2,41.8,1031.8,0.0
2019-02-04,295.615,-0.3,-4.4,4.3,0.0,0.0,221.6,15.5,33.5,1027.9,421.0
2019-03-04,154.169,8.5,3.5,13.1,3.0,0.0,223.7,41.0,97.9,995.8,220.0
2019-04-04,112.635,6.7,3.0,11.2,0.0,0.0,312.6,12.6,33.8,998.8,36.0
2019-05-04,75.067,3.3,0.0,7.4,9.6,0.0,293.1,12.2,37.8,1008.4,217.0
2019-06-04,426.765,21.5,12.2,28.6,0.0,0.0,174.6,9.7,29.2,1010.6,853.0
2019-07-04,351.528,15.9,6.8,22.9,0.0,0.0,329.1,7.9,27.7,1021.9,852.0
2019-08-04,316.751,19.2,11.5,25.6,0.0,0.0,271.4,9.0,33.8,1015.3,517.0
2019-09-04,142.094,17.9,9.2,26.0,0.0,0.0,219.0,15.8,47.9,1015.4,729.0
2019-10-04,421.532,8.8,7.1,11.3,2.9,0.0,193.6,15.8,42.1,1008.0,0.0
2019-11-04,344.648,9.8,6.5,12.7,1.2,0.0,215.7,17.6,41.8,990.6,79.0
2019-12-04,128.553,1.5,-3.1,5.2,0.0,0.0,213.1,8.3,18.0,1023.9,408.0
2019-04-13,212.263,0.7,-1.5,4.3,0.7,0.0,27.0,9.4,24.1,1022.8,66.0
2019-04-14,97.967,0.9,-2.7,3.2,2.6,0.0,22.1,10.8,27.4,1024.2,6.0
2019-04-15,447.599,6.7,0.2,12.4,0.0,0.0,42.4,10.1,38.2,1025.0,608.0
2019-04-16,482.345,8.4,-0.1,15.8,0.0,0.0,61.8,12.6,35.6,1020.1,755.0
2019-04-17,488.719,10.5,3.1,17.1,0.0,0.0,46.1,12.2,34.6,1023.9,756.0
2019-04-18,483.515,12.6,5.3,19.1,0.0,0.0,56.5,13.7,49.0,1027.0,763.0
2019-04-19,483.656,13.8,4.5,21.0,0.0,0.0,47.5,11.2,42.1,1029.5,772.0
2019-04-20,479.943,13.9,3.8,20.6,0.0,0.0,45.6,7.9,25.9,1028.5,774.0
2019-04-21,476.762,13.6,3.7,20.6,0.0,0.0,61.6,9.4,28.8,1021.0,776.0
2019-04-22,498.648,12.2,5.0,19.2,0.0,0.0,61.3,15.5,52.9,1012.7,775.0
2019-04-23,436.776,13.1,5.1,19.9,0.0,0.0,82.8,18.4,45.4,1003.1,632.0
2019-04-24,446.006,17.0,8.4,26.1,0.2,0.0,92.6,15.8,76.7,1002.5,658.0
2019-04-25,476.822,16.5,6.0,25.1,0.0,0.0,140.4,12.6,36.7,1008.5,722.0
2019-04-26,217.607,10.8,7.7,16.1,6.4,0.0,260.8,20.5,44.6,1011.1,244.0
2019-04-27,347.383,9.5,5.1,16.3,1.0,0.0,227.6,18.0,60.1,1013.3,318.0
2019-04-28,297.375,7.9,3.1,12.0,0.6,0.0,274.0,10.8,26.6,1018.3,200.0
2019-04-29,98.081,6.5,1.7,9.5,10.3,0.0,289.7,17.6,44.6,1020.2,0.0
2019-04-30,534.704,9.5,2.8,15.9,0.0,0.0,346.0,13.3,34.2,1018.6,800.0
2019-01-05,382.796,5.0,2.5,6.8,4.9,0.0,291.8,28.1,53.6,1022.9,0.0
2019-02-05,405.775,0.4,-2.1,3.0,0.0,0.0,226.7,18.4,40.7,1027.5,28.0
2019-03-05,241.391,4.4,0.9,7.2,1.0,0.0,237.9,31.0,67.0,1005.7,281.0
2019-04-05,217.712,7.1,5.2,10.6,0.0,0.0,344.2,9.4,26.6,1004.7,26.0
2019-05-05,354.045,4.8,-0.5,9.3,0.0,0.0,298.1,10.8,27.0,1016.9,346.0
2019-06-05,270.167,24.9,17.0,31.4,0.0,0.0,132.7,11.9,31.3,1005.7,780.0
2019-07-05,228.43,18.9,12.3,26.1,0.0,0.0,267.8,15.8,44.3,1015.1,408.0
2019-08-05,137.211,19.9,15.7,26.3,0.3,0.0,181.3,11.5,34.9,1011.1,97.0
2019-09-05,386.872,15.3,9.5,20.2,0.7,0.0,278.6,19.1,44.6,1017.4,303.0
2019-10-05,306.522,7.9,4.4,10.8,4.1,0.0,340.3,17.6,54.4,1013.0,26.0
2019-11-05,78.644,7.8,4.1,10.7,0.2,0.0,223.0,18.0,36.7,996.6,49.0
2019-12-05,440.45,-1.2,-5.2,3.6,0.0,0.0,224.4,11.2,28.1,1020.8,411.0
2019-05-13,547.978,7.7,0.9,13.6,0.0,0.0,345.7,11.9,37.4,1035.5,701.0
2019-05-14,390.507,7.1,2.5,12.1,0.2,0.0,14.7,13.3,40.7,1031.1,473.0
2019-05-15,287.294,6.1,0.0,9.9,0.0,0.0,23.1,11.9,32.0,1025.2,201.0
2019-05-16,105.464,6.5,5.8,7.2,1.0,0.0,15.3,7.9,21.6,1016.1,0.0
2019-05-17,334.231,10.8,5.7,15.9,0.0,0.0,83.9,9.7,26.6,1009.0,253.0
2019-05-18,532.893,13.5,2.8,20.3,0.0,0.0,26.0,8.3,23.0,1005.7,806.0
2019-05-19,343.663,14.3,7.1,21.3,7.2,0.0,268.0,10.8,36.0,1003.7,505.0
2019-05-20,236.81,14.4,9.1,21.4,31.0,0.0,282.6,13.3,43.6,1001.7,151.0
2019-05-21,212.876,14.2,12.7,19.2,9.3,0.0,331.6,18.0,48.6,1005.6,97.0
2019-05-22,148.225,11.6,5.0,13.8,0.0,0.0,294.6,18.0,41.8,1016.0,107.0
2019-05-23,516.035,13.0,3.9,19.2,0.0,0.0,274.1,9.4,32.4,1018.0,815.0
2019-05-24,498.103,15.3,7.8,20.9,0.0,0.0,244.7,9.7,28.4,1014.0,654.0
2019-05-25,515.919,13.6,7.6,18.2,2.8,0.0,307.3,10.1,27.4,1014.9,692.0
2019-05-26,520.615,14.8,6.7,21.1,0.0,0.0,232.1,17.6,41.0,1013.1,772.0
2019-05-27,244.291,15.0,12.6,18.2,0.6,0.0,244.7,13.7,35.6,1008.0,143.0
2019-05-28,231.618,12.3,9.4,16.8,2.7,0.0,292.7,8.6,34.6,1007.6,34.0
2019-05-29,414.782,10.8,6.6,15.7,1.2,0.0,19.5,10.4,30.2,1020.5,438.0
2019-05-30,462.547,14.2,5.3,20.1,0.0,0.0,217.3,16.2,36.0,1023.7,545.0
2019-05-31,397.833,17.8,12.5,22.9,0.0,0.0,254.7,11.2,24.8,1023.3,453.0
2019-01-06,488.614,4.2,2.6,5.5,3.2,0.0,308.3,13.0,36.4,1027.8,0.0
2019-02-06,547.834,0.9,-3.0,7.6,0.0,0.0,199.2,13.0,23.0,1025.1,388.0
2019-03-06,479.313,7.0,0.7,11.7,0.0,0.0,182.7,23.0,48.2,1006.2,158.0
2019-04-06,520.676,11.0,6.0,17.4,0.0,0.0,62.8,10.8,31.7,1005.3,502.0
2019-05-06,523.399,5.6,1.5,9.1,0.0,0.0,276.2,13.3,32.0,1019.0,194.0
2019-06-06,296.681,16.5,9.9,21.5,1.5,0.0,254.1,18.7,55.1,1009.9,209.0
2019-07-06,501.711,20.1,11.4,28.0,0.0,0.0,256.2,17.3,46.1,1009.1,493.0
2019-08-06,417.697,19.6,13.7,26.2,1.1,0.0,233.4,16.2,48.2,1009.8,366.0
2019-09-06,477.939,13.1,6.1,19.6,0.0,0.0,262.5,7.6,22.3,1022.6,699.0
2019-10-06,307.66,6.5,2.6,9.4,0.0,0.0,116.2,10.4,30.2,1017.6,54.0
2019-11-06,314.273,7.1,4.2,9.5,0.0,0.0,222.6,15.8,34.2,1001.1,14.0
2019-12-06,173.79,2.3,-2.5,5.7,0.2,0.0,221.7,23.0,56.2,1012.8,75.0
2019-06-13,415.181,17.2,11.9,23.9,0.0,0.0,208.7,11.9,42.8,1014.0,394.0
2019-06-14,346.044,21.3,12.1,29.0,0.0,0.0,178.5,13.7,38.9,1014.7,417.0
2019-06-15,425.857,21.0,15.0,26.2,0.0,0.0,258.0,17.6,52.6,1011.0,657.0
2019-06-16,184.717,16.1,11.9,20.2,1.9,0.0,229.8,7.9,21.6,1019.8,6.0
2019-06-17,485.433,19.2,10.3,25.8,0.0,0.0,116.4,9.0,25.9,1019.9,734.0
2019-06-18,482.187,22.1,14.0,29.4,0.0,0.0,87.4,7.6,31.7,1014.2,649.0
2019-06-19,507.806,24.1,16.0,30.7,0.0,0.0,225.8,11.5,33.5,1008.3,695.0
2019-06-20,406.195,19.6,13.8,25.2,3.8,0.0,241.7,14.0,51.8,1010.7,377.0
2019-06-21,417.888,18.3,14.3,23.4,0.0,0.0,295.5,10.1,25.2,1017.0,444.0
2019-06-22,384.284,19.3,13.1,25.2,0.0,0.0,44.7,12.6,38.5,1019.1,519.0
2019-06-23,538.729,21.1,13.6,27.0,0.0,0.0,60.3,13.0,38.2,1019.4,885.0
2019-06-24,540.311,22.9,15.4,28.7,0.0,0.0,75.9,10.4,31.0,1020.8,892.0
2019-06-25,519.086,26.1,17.4,34.2,0.0,0.0,159.5,10.1,27.4,1019.1,896.0
2019-06-26,514.603,27.2,19.7,33.9,0.0,0.0,258.9,14.8,34.6,1020.4,870.0
2019-06-27,574.409,20.1,12.7,26.0,0.0,0.0,308.6,13.0,42.5,1023.7,904.0
2019-06-28,547.188,18.0,12.4,24.8,0.0,0.0,19.2,9.4,23.0,1023.6,677.0
2019-06-29,550.372,22.2,10.9,31.0,0.0,0.0,87.1,7.2,20.2,1019.3,905.0
2019-06-30,539.605,27.7,16.7,35.9,0.0,0.0,218.4,17.3,43.6,1012.6,890.0
2019-01-07,375.295,4.0,3.3,4.8,0.3,0.0,271.1,23.8,51.8,1027.5,4.0
2019-02-07,402.868,1.5,-2.2,4.8,0.0,0.0,211.5,19.8,51.1,1014.0,1.0
2019-03-07,474.459,10.2,6.4,13.8,0.2,0.0,208.3,34.2,77.0,997.6,240.0
2019-04-07,552.037,12.0,4.0,17.4,0.0,0.0,71.3,11.5,39.2,1005.9,567.0
2019-05-07,410.424,7.1,3.7,11.0,0.0,0.0,253.3,9.4,24.8,1017.4,126.0
2019-06-07,426.533,15.8,7.2,23.4,0.0,0.0,148.3,14.8,75.6,1012.8,633.0
2019-07-07,373.156,14.7,10.1,18.8,0.0,0.0,309.9,15.5,39.6,1012.3,151.0
2019-08-07,266.611,18.3,15.4,20.8,7.1,0.0,229.7,14.8,36.4,1007.6,20.0
2019-09-07,283.335,11.9,5.4,18.5,0.0,0.0,242.7,11.2,32.4,1018.1,132.0
2019-10-07,471.565,6.4,1.0,11.6,0.1,0.0,55.0,8.6,25.2,1018.4,404.0
2019-11-07,224.306,8.0,5.3,11.1,0.1,0.0,189.7,18.4,51.1,1002.1,179.0
2019-12-07,306.312,6.8,4.8,8.3,0.5,0.0,240.0,29.9,60.5,1010.8,20.0
2019-07-13,236.692,15.5,13.1,19.0,0.4,0.0,283.4,19.1,39.2,1014.0,99.0
2019-07-14,341.438,15.0,13.4,17.7,0.0,0.0,312.1,11.2,25.6,1016.9,2.0
2019-07-15,308.218,14.7,9.3,18.4,0.0,0.0,307.9,10.4,32.0,1017.2,127.0
2019-07-16,324.777,13.6,9.4,18.2,0.0,0.0,289.9,14.4,32.8,1016.9,130.0
2019-07-17,372.387,15.7,10.5,20.5,0.0,0.0,300.7,7.6,22.7,1014.4,287.0
2019-07-18,480.041,18.8,8.3,25.6,0.0,0.0,241.5,10.8,42.5,1011.4,651.0
2019-07-19,211.988,18.9,15.5,22.7,1.5,0.0,246.0,11.5,27.4,1013.6,53.0
2019-07-20,435.786,22.1,14.2,30.8,4.1,0.0,205.6,15.5,74.9,1012.6,600.0
2019-07-21,493.702,20.3,15.0,26.2,0.0,0.0,267.5,16.2,45.7,1018.6,629.0
2019-07-22,372.915,20.3,12.0,26.9,0.0,0.0,256.8,13.0,45.4,1022.4,509.0
2019-07-23,512.369,24.4,13.5,32.3,0.0,0.0,103.0,7.9,21.6,1020.1,871.0
2019-07-24,496.096,28.0,18.6,35.1,0.0,0.0,81.8,7.9,25.9,1015.5,865.0
2019-07-25,484.644,28.7,18.4,36.1,0.0,0.0,70.0,9.0,29.9,1014.8,852.0
2019-07-26,480.323,25.9,20.2,32.2,0.0,0.0,49.5,12.2,39.2,1010.3,817.0
2019-07-27,503.265,23.7,15.9,29.8,0.0,0.0,58.3,14.4,42.1,1002.6,782.0
2019-07-28,333.662,22.4,17.0,29.3,0.0,0.0,19.2,11.9,31.3,1000.4,241.0
2019-07-29,282.409,19.9,16.1,24.1,2.0,0.0,274.2,16.2,32.0,1008.9,251.0
2019-07-30,368.615,22.3,15.6,29.0,0.0,0.0,272.7,13.0,40.7,1011.0,306.0
2019-07-31,260.789,20.0,14.9,24.9,5.1,0.0,252.9,13.3,50.0,1014.4,198.0
2019-01-08,353.92,3.7,0.9,5.0,3.6,0.0,255.9,36.0,68.4,1008.1,4.0
2019-02-08,328.187,4.4,1.8,7.1,0.0,0.0,205.4,27.0,56.5,1013.8,192.0
2019-03-08,255.127,6.8,3.6,9.6,0.3,0.0,232.5,34.6,73.1,1009.2,244.0
2019-04-08,457.871,12.4,7.2,17.7,0.0,0.0,27.8,9.0,29.9,1008.6,358.0
2019-05-08,225.034,9.5,4.3,12.3,0.0,0.0,171.6,16.9,56.9,1004.9,59.0
2019-06-08,275.942,15.0,9.4,20.1,2.1,0.0,228.7,25.6,75.6,1020.0,582.0
2019-07-08,160.124,13.0,9.1,17.0,0.0,0.0,284.9,14.8,37.1,1016.9,117.0
2019-08-08,419.818,18.8,13.0,25.6,0.0,0.0,235.8,20.5,52.9,1011.2,520.0
2019-09-08,322.44,12.5,6.9,17.1,1.5,0.0,247.6,8.6,38.9,1016.8,65.0
2019-10-08,277.035,11.2,8.4,13.3,8.5,0.0,215.0,23.4,49.0,1008.6,0.0
2019-11-08,418.496,5.2,3.9,6.7,13.7,0.0,343.6,10.8,25.9,1006.0,0.0
2019-12-08,345.409,8.1,6.3,10.2,0.6,0.0,225.4,33.5,71.3,1004.4,0.0
2019-08-13,395.886,15.7,10.8,21.1,0.7,0.0,242.0,19.4,50.8,1016.3,574.0
2019-08-14,466.555,15.5,10.5,21.5,0.0,0.0,255.7,12.6,33.5,1017.3,629.0
2019-08-15,221.593,16.3,12.9,20.7,2.3,0.0,206.6,22.3,54.0,1012.3,104.0
2019-08-16,400.618,17.2,12.9,22.8,0.5,0.0,248.8,15.5,33.8,1015.6,408.0
2019-08-17,167.969,18.8,13.1,22.5,0.2,0.0,203.3,22.0,59.8,1010.6,1.0
2019-08-18,360.068,20.6,16.2,29.7,2.5,0.0,219.8,19.4,58.0,1007.4,375.0
2019-08-19,405.149,18.8,13.5,24.0,0.0,0.0,269.8,14.0,46.8,1015.6,469.0
2019-08-20,186.327,15.7,10.3,21.0,0.6,0.0,246.3,10.8,20.2,1021.9,92.0
2019-08-21,440.099,16.6,9.1,22.6,0.0,0.0,294.9,9.4,27.0,1027.1,669.0
2019-08-22,479.615,18.1,8.0,25.7,0.0,0.0,87.3,7.9,26.6,1025.8,768.0
2019-08-23,475.508,19.6,9.4,27.8,0.0,0.0,131.1,9.7,37.1,1024.5,772.0
2019-08-24,373.529,21.1,11.1,28.2,0.0,0.0,86.4,8.3,31.0,1021.0,650.0
2019-08-25,351.6,23.4,15.0,31.2,2.0,0.0,50.7,7.9,31.7,1018.2,566.0
2019-08-26,368.007,23.6,16.5,31.0,1.0,0.0,142.1,9.7,34.2,1017.6,595.0
2019-08-27,288.516,22.5,16.0,30.1,0.9,0.0,221.2,9.0,43.2,1016.0,453.0
2019-08-28,342.823,24.3,17.8,32.4,0.0,0.0,185.2,12.2,38.2,1014.0,381.0
2019-08-29,247.196,20.9,16.5,28.9,1.0,0.0,208.7,10.4,47.9,1017.3,326.0
2019-08-30,381.188,21.0,15.1,28.1,0.0,0.0,145.9,8.6,26.3,1020.7,516.0
2019-08-31,381.459,23.9,15.2,31.8,0.0,0.0,162.4,9.7,26.3,1013.8,678.0
2019-01-09,286.385,0.2,-0.6,1.7,6.6,0.0,313.7,30.6,59.8,1010.8,0.0
2019-02-09,390.709,6.6,4.2,9.5,0.1,0.0,223.4,38.9,69.8,1006.6,265.0
2019-03-09,449.896,7.2,3.1,11.7,4.3,0.0,235.7,41.4,97.2,1009.1,301.0
2019-04-09,449.604,6.2,2.7,9.5,0.0,0.0,49.3,11.2,27.0,1012.7,51.0
2019-05-09,288.323,11.1,6.8,15.6,0.0,0.0,212.5,19.8,41.4,999.9,389.0
2019-06-09,446.691,17.2,8.7,23.9,0.0,0.0,101.6,10.8,31.7,1021.5,616.0
2019-07-09,184.394,13.2,9.3,17.3,0.0,0.0,292.7,14.4,40.3,1018.4,75.0
2019-08-09,204.312,21.8,14.5,29.3,6.1,0.0,182.8,11.2,39.6,1010.3,413.0
2019-09-09,115.785,11.9,8.5,14.6,8.5,0.0,301.2,14.0,36.4,1013.3,0.0
2019-10-09,283.993,11.1,8.4,14.5,1.2,0.0,221.7,22.3,47.5,1008.1,162.0
2019-11-09,398.702,4.4,0.3,6.8,3.2,0.0,254.2,14.8,32.4,1008.3,23.0
2019-12-09,331.952,5.4,3.2,7.8,4.9,0.0,236.5,27.7,69.8,1002.1,130.0
2019-09-13,134.625,16.8,12.4,22.3,0.0,0.0,249.9,15.5,37.1,1030.1,75.0
2019-09-14,412.446,14.2,9.4,19.3,0.0,0.0,48.1,9.4,28.8,1031.8,638.0
2019-09-15,397.502,16.7,6.8,25.9,0.0,0.0,237.9,16.2,37.8,1021.8,636.0
2019-09-16,97.305,14.3,10.4,17.8,3.8,0.0,281.5,10.8,27.4,1018.7,0.0
2019-09-17,268.137,11.4,7.3,16.7,0.0,0.0,275.5,20.5,51.5,1018.5,273.0
2019-09-18,329.435,9.9,3.9,16.0,0.0,0.0,289.1,16.9,35.3,1024.3,320.0
2019-09-19,249.597,9.6,3.6,14.5,0.0,0.0,323.5,10.4,27.4,1028.6,350.0
2019-09-20,384.603,9.5,1.3,17.0,0.0,0.0,243.3,9.0,20.5,1028.4,664.0
2019-09-21,397.792,13.6,4.5,21.9,0.0,0.0,127.4,8.3,24.5,1021.1,671.0
2019-09-22,377.231,16.5,6.8,25.6,0.0,0.0,103.9,9.4,29.5,1011.5,665.0
2019-09-23,91.743,14.7,10.4,18.0,0.1,0.0,247.6,14.8,39.6,1013.0,5.0
2019-09-24,235.232,15.4,10.6,20.6,0.0,0.0,216.4,11.2,31.0,1011.6,205.0
2019-09-25,152.457,13.9,10.6,17.8,3.4,0.0,217.4,17.3,38.9,1006.6,84.0
2019-09-26,212.319,15.1,10.8,19.6,1.2,0.0,208.7,16.9,37.1,1010.6,226.0
2019-09-27,84.819,14.7,12.1,16.7,2.2,0.0,223.1,21.6,43.6,1010.0,93.0
2019-09-28,320.341,14.5,11.4,18.4,0.3,0.0,225.8,26.6,57.2,1012.1,197.0
2019-09-29,163.768,15.3,12.3,18.6,0.1,0.0,217.5,31.7,68.4,1004.1,114.0
2019-09-30,239.56,13.5,10.3,16.2,3.1,0.0,249.2,36.7,92.2,1005.5,257.0
2019-01-10,246.889,-1.4,-3.6,-0.1,0.7,30.0,344.7,14.4,32.4,1023.2,0.0
2019-02-10,151.881,6.1,3.6,8.3,7.0,0.0,206.0,34.9,76.3,998.2,0.0
2019-03-10,166.573,6.2,1.3,11.0,4.4,0.0,248.7,31.3,106.6,1005.2,59.0
2019-04-10,62.661,4.2,-0.3,9.5,0.0,0.0,42.9,13.0,39.6,1015.7,582.0
2019-05-10,66.605,11.0,7.2,15.1,0.0,0.0,260.8,19.4,46.4,1008.5,349.0
2019-06-10,116.219,18.9,14.3,25.7,6.8,0.0,199.5,10.1,31.3,1012.1,321.0
2019-07-10,252.995,15.2,8.0,21.3,0.0,0.0,296.6,9.7,49.3,1017.9,458.0
2019-08-10,77.154,20.8,16.0,25.1,21.5,0.0,221.0,24.8,55.1,1011.6,260.0
2019-09-10,202.747,12.8,7.3,19.1,0.0,0.0,251.3,12.6,28.8,1017.2,470.0
2019-10-10,158.133,9.8,7.9,12.8,2.6,0.0,236.2,24.8,51.1,1012.5,109.0
2019-11-10,113.007,2.5,-1.5,6.9,0.0,0.0,205.6,8.3,19.1,1013.3,343.0
2019-12-10,315.017,1.9,-0.3,4.4,0.0,0.0,249.6,19.4,38.9,1022.5,368.0
2019-10-13,250.995,19.6,15.7,24.2,0.0,0.0,203.7,23.4,44.6,1011.9,445.0
2019-10-14,291.044,18.8,13.0,25.2,0.0,0.0,190.0,12.2,28.1,1012.4,528.0
2019-10-15,223.87,16.7,11.4,21.3,0.0,0.0,203.2,11.9,52.9,1006.1,389.0
2019-10-16,212.533,12.5,10.3,14.6,1.2,0.0,232.2,26.6,57.6,1010.7,177.0
2019-10-17,66.074,13.9,12.5,15.9,0.0,0.0,200.8,20.2,43.2,1012.3,78.0
2019-10-18,185.052,13.1,8.9,18.3,1.4,0.0,205.7,19.1,54.7,1010.1,254.0
2019-10-19,67.572,12.5,9.4,14.9,0.0,0.0,190.8,19.8,43.2,1008.9,0.0
2019-10-20,129.452,14.7,12.0,18.4,0.0,0.0,201.1,9.0,23.4,1009.0,118.0
2019-10-21,114.103,14.1,9.1,17.7,0.0,0.0,221.0,9.0,18.7,1017.2,8.0
2019-10-22,238.922,12.7,9.4,17.1,0.0,0.0,314.9,8.3,18.0,1023.2,425.0
2019-10-23,110.881,10.3,8.8,11.9,0.0,0.0,45.6,7.9,19.4,1017.7,0.0
2019-10-24,161.259,11.5,6.9,16.4,0.1,0.0,223.7,10.1,37.4,1010.8,246.0
2019-10-25,138.142,13.2,9.8,15.7,0.0,0.0,217.2,18.0,39.6,1019.2,242.0
2019-10-26,221.776,14.3,9.4,18.7,0.0,0.0,215.4,21.2,43.9,1016.9,448.0
2019-10-27,24.079,10.2,2.1,15.5,4.1,0.0,243.8,19.1,49.3,1017.8,0.0
2019-10-28,121.422,3.8,-0.3,9.6,0.0,0.0,251.9,11.2,21.6,1022.6,134.0
2019-10-29,159.783,4.7,1.8,8.5,0.0,0.0,30.7,6.8,19.8,1024.6,173.0
2019-10-30,142.61,2.6,-1.1,6.7,0.0,0.0,67.7,7.9,26.6,1028.8,151.0
2019-10-31,230.56,0.2,-2.0,3.5,0.0,0.0,91.3,7.6,21.2,1025.6,162.0
2019-01-11,93.999,-0.2,-2.5,2.9,1.7,40.0,246.3,21.2,40.3,1020.7,0.0
2019-02-11,90.348,2.7,0.9,4.9,2.7,0.0,272.6,28.1,57.6,1012.6,158.0
2019-03-11,123.362,2.4,1.1,4.4,3.1,0.0,254.8,34.6,59.4,1014.0,141.0
2019-04-11,111.985,2.7,-1.9,7.0,0.0,0.0,56.3,14.4,45.0,1022.3,358.0
2019-05-11,104.473,7.9,5.9,9.4,22.8,0.0,36.0,12.6,43.6,1012.6,0.0
2019-06-11,69.851,18.0,13.5,22.9,0.3,0.0,293.6,12.2,43.9,1009.5,211.0
2019-07-11,151.604,15.9,13.1,21.1,5.4,0.0,266.0,9.7,35.3,1013.5,89.0
2019-08-11,25.899,20.5,13.9,27.2,0.0,0.0,221.6,16.6,48.2,1014.3,499.0
2019-09-11,80.4,14.5,5.8,21.7,0.0,0.0,220.8,15.5,40.0,1022.1,621.0
2019-10-11,178.522,12.2,9.1,14.4,0.0,0.0,215.4,27.0,53.6,1014.6,45.0
2019-11-11,216.271,1.2,-3.0,4.8,0.0,0.0,190.1,14.8,37.8,1010.5,450.0
2019-12-11,164.067,2.0,-0.1,3.5,1.1,0.0,193.3,20.2,51.1,1010.8,0.0
2019-11-13,131.186,3.5,1.2,7.1,0.0,0.0,212.6,16.2,33.1,1002.9,173.0
2019-11-14,155.636,3.3,0.1,8.2,0.0,0.0,139.9,14.0,35.6,1005.6,342.0
2019-11-15,55.671,2.5,-0.7,5.1,0.0,0.0,50.3,9.7,32.4,1002.9,0.0
2019-11-16,139.696,3.6,0.2,6.9,12.2,0.0,238.2,16.2,40.7,1008.5,300.0
2019-11-17,8.696,1.8,-0.3,3.4,2.8,0.0,23.9,6.8,24.8,1009.6,0.0
2019-11-18,21.774,4.2,2.6,5.9,1.4,0.0,206.3,17.3,48.6,1006.5,3.0
2019-11-19,74.15,4.5,2.4,6.9,0.2,0.0,241.1,16.6,51.8,1015.8,42.0
2019-11-20,34.209,2.2,-0.5,3.7,0.7,0.0,349.0,7.2,16.2,1017.5,1.0
2019-11-21,17.677,4.0,2.0,4.8,0.8,0.0,54.2,5.0,13.3,1010.6,0.0
2019-11-22,73.426,1.6,-1.2,3.2,0.0,0.0,168.8,6.8,15.1,1009.3,43.0
2019-11-23,44.051,1.6,-0.6,4.3,0.0,0.0,46.6,9.4,17.6,1004.6,4.0
2019-11-24,28.456,0.7,-1.6,2.2,0.0,0.0,17.3,4.7,15.8,1008.6,0.0
2019-11-25,31.816,1.1,-0.3,2.1,0.0,0.0,228.9,5.0,14.4,1011.0,0.0
2019-11-26,101.837,5.9,1.3,9.3,0.0,0.0,205.2,15.5,32.4,1006.8,165.0
2019-11-27,31.837,7.8,4.6,10.5,0.0,0.0,179.8,20.2,51.1,995.8,43.0
2019-11-28,87.538,8.9,7.6,10.9,2.0,0.0,222.5,33.5,63.4,993.2,76.0
2019-11-29,114.863,4.8,1.7,8.3,1.3,0.0,274.6,22.0,47.9,1006.8,210.0
2019-11-30,136.512,2.4,-0.3,5.5,0.5,0.0,262.8,13.0,27.0,1022.3,101.0
2019-01-12,72.501,3.3,2.1,4.4,2.5,10.0,250.4,24.8,50.0,1014.6,0.0
2019-02-12,80.823,2.2,0.8,4.1,0.7,0.0,280.6,19.1,45.7,1030.8,27.0
2019-03-12,92.783,4.8,0.6,8.0,0.1,0.0,225.7,27.7,77.4,1015.7,316.0
2019-04-12,161.994,1.2,-0.8,3.1,0.0,0.0,56.7,11.9,29.9,1024.3,0.0
2019-05-12,156.517,8.1,4.0,13.2,0.7,0.0,334.6,16.6,36.7,1029.0,496.0
2019-06-12,59.427,15.1,11.8,19.8,8.7,0.0,302.4,10.4,46.4,1009.5,109.0
2019-07-12,33.318,15.9,12.9,24.3,20.8,0.0,245.0,13.7,50.4,1010.6,351.0
2019-08-12,35.879,17.7,12.8,22.8,2.6,0.0,250.5,15.1,45.0,1014.8,382.0
2019-09-12,70.833,17.1,13.5,23.4,0.2,0.0,238.9,18.7,42.1,1027.0,356.0
2019-10-12,148.286,16.6,11.7,21.2,0.0,0.0,219.2,27.0,55.4,1011.3,535.0
2019-11-12,9.299,4.2,1.8,7.4,0.1,0.0,192.1,20.9,53.6,1004.9,213.0
2019-12-12,52.603,1.2,-0.2,3.0,0.6,30.0,198.1,14.8,28.1,1001.8,57.0
2019-12-13,34.593,1.4,-0.9,3.5,0.9,10.0,180.9,19.4,46.4,983.0,66.0
2019-12-14,69.507,4.2,2.9,6.1,4.2,0.0,228.9,35.6,74.5,990.9,74.0
2019-12-15,49.0,6.0,3.5,10.2,3.1,0.0,218.0,27.7,61.2,1002.6,52.0
2019-12-16,86.108,7.8,3.8,10.8,0.0,0.0,194.1,20.5,39.2,1008.1,25.0
2019-12-17,127.997,11.1,7.4,16.4,0.0,0.0,177.1,16.2,37.8,1005.8,270.0
2019-12-18,43.46,7.9,4.2,13.6,0.0,0.0,224.0,16.9,54.7,1015.9,15.0
2019-12-19,85.269,2.4,-0.8,6.4,0.0,0.0,66.5,9.7,27.0,1014.3,40.0
2019-12-20,69.515,6.3,0.4,12.1,0.0,0.0,149.7,13.3,39.2,995.1,192.0
2019-12-21,97.188,5.5,2.3,8.4,0.0,0.0,200.0,17.6,42.5,993.2,273.0
2019-12-22,57.066,5.5,2.4,7.8,0.1,0.0,185.2,18.7,45.0,988.0,0.0
2019-12-23,84.208,5.4,2.4,8.1,0.4,0.0,249.7,23.4,46.8,1004.4,133.0
2019-12-24,29.864,5.3,2.4,7.1,1.9,0.0,227.5,23.0,51.1,1010.8,13.0
2019-12-25,25.318,4.9,3.1,6.5,6.6,0.0,274.7,19.1,39.2,1016.0,22.0
2019-12-26,30.482,3.2,1.3,5.4,0.0,0.0,251.1,11.2,20.5,1024.4,14.0
2019-12-27,105.397,1.5,-0.7,3.7,0.0,0.0,38.1,7.6,19.8,1029.1,340.0
2019-12-28,37.35,-0.7,-3.9,0.5,0.0,0.0,37.7,6.5,15.8,1041.2,6.0
2019-12-29,147.602,-2.5,-6.6,1.0,0.0,0.0,222.0,11.2,25.2,1039.4,390.0
2019-12-30,143.836,3.5,-2.1,9.2,0.0,0.0,232.5,17.3,39.2,1031.4,342.0
2019-12-31,25.309,2.6,0.4,4.9,0.0,0.0,259.7,18.0,44.3,1031.6,48.0
2020-01-01,157.593,-1.1,-5.4,3.7,0.0,0.0,219.6,9.4,18.0,1034.3,408.0
2020-02-01,154.803,10.3,5.6,11.8,2.9,0.0,232.9,32.4,62.6,1004.6,0.0
2020-03-01,24.976,6.3,3.3,9.4,0.3,0.0,211.7,26.6,60.8,996.2,314.0
2020-04-01,21.583,1.6,-7.5,9.1,0.0,0.0,250.5,10.1,33.5,1021.0,723.0
2020-05-01,65.793,9.7,5.8,13.8,2.7,0.0,220.5,23.8,54.0,1002.1,337.0
2020-06-01,81.001,15.9,7.1,22.1,0.0,0.0,37.9,10.4,36.0,1021.6,898.0
2020-07-01,48.64,20.1,14.4,26.4,0.0,0.0,227.7,20.5,46.8,1007.4,462.0
2020-08-01,23.43,24.3,14.2,33.3,0.1,0.0,12.1,8.6,42.1,1013.3,660.0
2020-09-01,34.973,12.9,8.2,16.5,7.1,0.0,351.7,7.2,18.7,1017.3,14.0
2020-10-01,59.678,13.1,7.6,19.3,0.0,0.0,168.9,12.6,40.0,1005.2,476.0
2020-11-01,158.839,13.1,10.6,15.5,1.3,0.0,208.3,22.3,42.5,1014.1,7.0
2020-12-01,109.706,0.9,-0.8,2.0,2.1,0.0,230.5,10.1,33.5,1016.1,0.0
2020-01-13,40.477,4.1,2.5,5.9,0.0,0.0,206.3,21.2,42.1,1020.3,125.0
2020-01-14,66.532,7.4,4.5,10.0,0.0,0.0,200.5,31.7,64.1,1012.0,32.0
2020-01-15,163.404,9.4,6.9,12.3,0.0,0.0,211.2,27.4,50.8,1015.8,300.0
2020-01-16,163.237,8.0,4.8,11.6,0.3,0.0,200.0,15.5,33.5,1026.3,356.0
2020-01-17,162.502,5.8,1.0,9.5,0.0,0.0,196.7,18.7,43.6,1019.0,432.0
2020-01-18,58.201,3.4,0.7,5.7,0.2,0.0,238.8,17.3,37.4,1023.9,39.0
2020-01-19,49.475,2.1,0.2,4.0,0.0,0.0,291.4,14.8,25.6,1035.1,20.0
2020-01-20,173.79,1.1,-4.2,4.5,0.0,0.0,258.0,8.6,18.4,1046.1,330.0
2020-01-21,193.636,-2.3,-7.2,4.1,0.0,0.0,235.9,13.7,24.5,1041.8,456.0
2020-01-22,69.096,-1.7,-6.5,1.2,0.0,0.0,251.9,15.8,30.2,1035.5,108.0
2020-01-23,111.536,0.7,-4.9,3.3,0.0,0.0,184.0,7.6,18.7,1032.3,163.0
2020-01-24,190.779,-2.7,-6.6,2.5,0.0,0.0,253.8,10.8,19.4,1024.1,448.0
2020-01-25,37.705,-2.8,-4.2,-1.6,0.0,0.0,238.1,9.4,22.3,1022.5,0.0
2020-01-26,75.821,-0.5,-4.4,3.3,0.0,0.0,219.5,9.0,25.2,1018.9,0.0
2020-01-27,80.112,4.8,1.4,7.4,0.1,0.0,207.5,21.6,40.0,1010.0,86.0
2020-01-28,61.793,3.9,1.2,6.4,6.0,0.0,224.7,31.0,77.0,996.2,60.0
2020-01-29,64.339,2.5,1.1,4.3,0.0,0.0,236.8,25.6,54.7,1005.8,16.0
2020-01-30,98.105,5.4,1.9,8.2,0.0,0.0,225.9,29.2,60.8,1009.1,48.0
2020-01-31,129.417,11.0,8.1,13.1,0.0,0.0,247.1,33.1,67.0,1006.3,178.0
2020-01-02,41.994,-0.1,-6.3,4.3,0.0,0.0,240.4,13.7,37.8,1027.8,402.0
2020-02-02,40.233,7.6,5.7,11.2,1.8,0.0,240.3,25.2,67.7,1007.6,0.0
2020-03-02,145.791,6.0,2.1,10.0,0.4,0.0,183.6,18.7,61.6,992.4,437.0
2020-04-02,158.374,3.8,-4.8,12.0,0.0,0.0,244.2,13.7,41.0,1012.3,716.0
2020-05-02,221.645,7.5,4.3,11.3,4.6,0.0,242.9,20.5,56.5,1007.6,231.0
2020-06-02,33.09,17.8,10.3,24.5,0.0,0.0,45.3,7.9,22.3,1016.4,840.0
2020-07-02,50.259,18.0,14.2,24.0,4.7,0.0,240.0,14.4,50.4,1010.3,518.0
2020-08-02,214.142,18.9,16.1,22.6,4.4,0.0,315.7,7.9,40.3,1012.3,85.0
2020-09-02,156.23,13.1,6.6,18.7,0.0,0.0,268.8,10.1,38.9,1017.7,532.0
2020-10-02,137.466,14.2,9.0,19.6,0.0,0.0,112.2,11.9,34.2,997.0,445.0
2020-11-02,199.669,17.1,11.1,20.1,0.0,0.0,218.3,30.2,58.0,1011.1,95.0
2020-12-02,261.718,0.2,-2.0,1.9,0.0,0.0,56.8,6.8,25.9,1017.3,0.0
2020-02-13,57.235,2.5,-0.1,5.2,0.6,0.0,198.5,23.8,54.7,1009.1,1.0
2020-02-14,94.889,4.7,2.7,7.1,0.3,0.0,248.4,18.4,39.6,1017.1,38.0
2020-02-15,145.54,6.0,1.6,9.7,0.0,0.0,199.2,20.2,47.5,1020.9,309.0
2020-02-16,119.943,12.5,8.2,16.2,0.0,0.0,204.6,41.4,99.0,1008.6,45.0
2020-02-17,70.918,7.5,4.9,15.5,0.0,0.0,229.5,30.6,75.6,1013.8,6.0
2020-02-18,243.141,5.8,4.3,8.0,0.0,0.0,236.3,35.3,72.0,1019.9,338.0
2020-02-19,112.235,3.7,-0.2,5.8,1.7,0.0,240.8,28.1,53.3,1017.0,50.0
2020-02-20,87.471,4.5,-0.2,7.0,0.0,0.0,212.5,24.5,56.2,1017.0,4.0
2020-02-21,172.311,4.4,1.7,6.5,3.9,0.0,247.4,28.8,71.6,1022.9,95.0
2020-02-22,173.532,7.6,3.4,12.0,0.0,0.0,228.3,41.4,91.4,1019.2,148.0
2020-02-23,,8.7,3.9,11.3,5.4,0.0,250.1,42.1,95.4,1012.2,0.0
2020-02-24,,4.9,1.6,9.6,0.2,0.0,235.1,26.3,69.5,1015.2,23.0
2020-02-25,,7.3,2.4,9.6,0.0,0.0,238.4,32.4,67.0,998.4,206.0
2020-02-26,,1.8,0.7,3.2,3.7,0.0,246.6,25.6,66.2,997.0,26.0
2020-02-27,,1.4,-0.4,4.4,2.7,0.0,226.8,17.3,40.0,1001.7,47.0
2020-02-28,,1.9,0.0,5.0,0.9,10.0,244.8,24.8,52.6,1013.3,227.0
2020-02-29,,6.3,0.9,11.1,3.5,0.0,206.8,28.1,69.5,998.3,76.0
2020-01-03,,4.9,1.6,8.0,0.1,0.0,218.6,25.9,53.6,1019.8,0.0
2020-02-03,,8.6,5.3,10.9,0.3,0.0,250.9,30.6,64.8,1009.0,183.0
2020-03-03,,3.8,-0.8,7.0,1.8,0.0,280.9,17.3,47.5,1000.6,147.0
2020-04-03,,5.5,1.0,8.6,0.1,0.0,268.1,13.7,30.2,1014.6,5.0
2020-05-03,,9.6,3.2,15.0,0.0,0.0,275.1,14.4,36.7,1016.9,255.0
2020-06-03,,17.0,9.4,25.4,0.7,0.0,204.0,10.8,62.3,1004.5,477.0
2020-07-03,170.171,16.8,11.1,21.7,0.0,0.0,256.7,15.8,40.0,1016.1,562.0
2020-08-03,218.399,16.5,12.8,20.8,0.0,0.0,359.1,9.4,22.7,1011.8,179.0
2020-09-03,247.557,14.5,6.2,21.2,0.7,0.0,227.9,17.3,40.7,1019.7,346.0
2020-10-03,82.2,12.6,7.0,18.6,0.0,0.0,62.3,14.0,44.6,992.0,122.0
2020-11-03,76.141,10.7,8.0,12.8,0.6,0.0,245.1,16.9,43.2,1021.8,67.0
2020-12-03,189.88,-0.9,-1.9,0.4,0.0,0.0,187.0,19.4,42.8,1004.5,0.0
2020-03-13,331.07,5.4,1.7,9.6,0.3,0.0,247.9,34.2,79.9,1015.0,340.0
2020-03-14,322.213,4.2,1.2,8.7,0.0,0.0,114.6,11.2,30.6,1022.6,463.0
2020-03-15,376.604,7.1,2.6,12.6,0.0,0.0,182.5,22.3,46.4,1018.3,618.0
2020-03-16,344.511,9.5,2.8,15.6,0.0,0.0,222.7,11.9,27.0,1019.2,563.0
2020-03-17,222.983,8.9,4.9,13.9,0.0,0.0,246.7,13.7,29.9,1027.6,264.0
2020-03-18,367.307,9.8,3.4,17.0,0.0,0.0,222.5,16.9,37.4,1026.7,616.0
2020-03-19,364.064,9.8,3.6,15.4,0.0,0.0,331.7,10.4,23.4,1024.5,478.0
2020-03-20,35.043,5.8,2.8,7.6,0.0,0.0,33.8,13.7,33.8,1024.4,0.0
2020-03-21,105.524,2.6,-2.0,5.6,0.0,0.0,50.5,19.8,49.7,1027.8,49.0
2020-03-22,444.075,-0.4,-4.6,4.3,0.0,0.0,78.0,15.5,47.5,1034.2,611.0
2020-03-23,450.088,-0.3,-5.3,4.9,0.0,0.0,85.0,11.5,31.7,1036.9,688.0
2020-03-24,448.741,0.8,-5.0,6.5,0.0,0.0,90.4,10.4,32.0,1034.4,692.0
2020-03-25,448.601,1.5,-4.5,7.2,0.0,0.0,64.3,14.0,44.3,1028.7,697.0
2020-03-26,384.801,3.2,-4.2,10.2,0.0,0.0,68.4,17.3,45.0,1023.3,584.0
2020-03-27,397.127,7.3,-0.8,15.7,0.0,0.0,59.5,15.8,43.2,1019.5,647.0
2020-03-28,409.685,7.2,-0.7,13.5,0.0,0.0,14.5,12.2,37.8,1019.3,689.0
2020-03-29,83.73,2.0,-3.2,5.3,1.4,0.0,342.3,20.2,51.1,1023.7,0.0
2020-03-30,362.265,-0.7,-7.0,5.8,0.0,0.0,286.6,9.7,35.3,1028.0,499.0
2020-03-31,275.064,0.8,-3.9,4.8,0.0,0.0,40.7,11.9,31.3,1028.7,366.0
2020-01-04,477.911,2.9,-0.6,4.7,3.8,0.0,270.2,24.8,64.4,1025.7,0.0
2020-02-04,462.533,3.1,1.2,5.2,14.4,0.0,276.7,24.1,51.8,1010.0,194.0
2020-03-04,98.364,2.1,-1.2,5.8,0.1,0.0,226.4,17.3,37.4,1010.7,227.0
2020-04-04,393.526,6.0,1.2,10.9,0.0,0.0,336.0,8.3,20.5,1024.8,397.0
2020-05-04,473.129,8.2,2.9,11.5,0.9,0.0,0.6,11.2,30.6,1017.0,34.0
2020-06-04,460.906,14.3,10.8,17.2,4.5,0.0,203.8,11.2,33.1,994.8,16.0
2020-07-04,440.242,18.7,11.8,24.7,0.0,0.0,226.4,20.5,48.2,1015.4,477.0
2020-08-04,433.554,16.6,9.6,22.6,0.0,0.0,348.2,10.1,33.8,1014.4,478.0
2020-09-04,392.571,19.7,15.8,24.1,0.0,0.0,224.1,22.0,49.0,1019.7,148.0
2020-10-04,448.15,10.9,7.3,15.3,0.0,0.0,195.5,21.6,56.5,998.2,317.0
2020-11-04,476.298,6.0,-0.5,9.3,0.0,0.0,265.6,12.2,31.0,1031.3,324.0
2020-12-04,334.302,2.0,-0.4,6.7,0.0,0.0,116.9,13.0,43.2,992.0,60.0
2020-04-13,293.723,7.2,0.7,12.1,0.0,0.0,295.9,23.4,48.2,1015.9,348.0
2020-04-14,411.689,3.9,-0.7,8.8,0.0,0.0,312.2,15.8,34.6,1023.5,543.0
2020-04-15,452.312,7.3,-1.4,15.8,0.0,0.0,252.6,12.6,35.6,1023.4,622.0
2020-04-16,461.015,12.7,2.3,22.1,0.0,0.0,250.3,9.7,24.1,1016.4,720.0
2020-04-17,467.872,12.5,5.8,18.3,0.0,0.0,37.6,9.4,23.8,1016.1,765.0
2020-04-18,357.948,12.6,5.2,20.3,1.1,0.0,43.3,9.7,25.2,1015.3,494.0
2020-04-19,445.115,8.9,3.8,14.0,4.9,0.0,53.7,14.4,41.0,1019.0,611.0
2020-04-20,535.281,8.3,1.2,14.0,0.0,0.0,61.3,19.4,56.2,1021.5,790.0
2020-04-21,525.827,9.8,1.5,15.9,0.0,0.0,63.0,18.7,49.3,1020.7,793.0
2020-04-22,524.397,11.1,3.7,17.4,0.0,0.0,66.7,17.3,45.7,1021.7,797.0
2020-04-23,506.411,12.0,2.9,19.2,0.0,0.0,56.8,10.4,31.7,1020.0,797.0
2020-04-24,386.919,12.5,3.6,20.8,0.0,0.0,261.3,16.9,41.4,1010.1,568.0
2020-04-25,355.591,9.2,3.9,13.7,0.0,0.0,338.5,11.5,40.3,1011.3,284.0
2020-04-26,508.611,10.2,0.5,18.0,0.0,0.0,219.1,8.6,20.2,1010.6,810.0
2020-04-27,444.479,14.0,3.5,22.1,0.0,0.0,214.8,13.0,37.1,1007.3,720.0
2020-04-28,194.583,13.1,5.2,19.8,1.1,0.0,221.7,14.0,40.7,1004.1,216.0
2020-04-29,416.563,13.4,8.6,18.8,0.2,0.0,247.0,19.8,53.3,1004.8,419.0
2020-04-30,325.751,11.7,7.7,16.9,3.0,0.0,208.4,22.7,58.3,1003.4,99.0
2020-01-05,318.108,1.7,-1.1,3.6,0.0,0.0,240.1,11.9,21.2,1034.4,18.0
2020-02-05,253.093,1.3,-1.5,3.9,0.0,0.0,301.8,16.9,42.5,1031.0,390.0
2020-03-05,341.978,4.4,-0.1,9.7,2.0,0.0,164.3,19.1,41.0,999.7,247.0
2020-04-05,119.799,9.1,1.8,16.7,0.0,0.0,99.5,11.2,34.9,1025.3,735.0
2020-05-05,454.179,6.8,0.5,12.0,0.0,0.0,335.1,10.8,28.8,1019.8,642.0
2020-06-05,519.084,10.9,6.8,15.3,5.4,0.0,240.5,23.8,50.8,996.0,98.0
2020-07-05,554.186,21.4,18.4,25.8,0.0,0.0,227.1,28.1,54.4,1011.2,244.0
2020-08-05,497.089,19.6,10.4,26.8,0.0,0.0,205.4,10.4,34.2,1017.5,793.0
2020-09-05,428.681,15.0,8.8,18.8,0.0,0.0,295.6,10.1,30.6,1016.7,30.0
2020-10-05,237.504,11.3,8.9,15.1,1.5,0.0,203.0,17.6,48.2,1003.3,144.0
2020-11-05,79.549,2.7,-2.6,9.1,0.0,0.0,241.1,10.4,21.2,1038.1,505.0
2020-12-05,380.288,0.5,-3.1,3.5,0.3,0.0,78.8,7.2,20.5,999.3,0.0
2020-05-13,422.52,8.0,2.2,12.7,0.0,0.0,4.8,8.3,23.8,1011.9,288.0
2020-05-14,233.227,7.7,4.1,11.9,0.0,0.0,3.7,9.4,27.7,1016.7,65.0
2020-05-15,490.101,8.2,2.2,14.3,0.0,0.0,2.8,10.4,27.7,1019.0,664.0
2020-05-16,555.401,9.6,0.0,16.8,0.0,0.0,269.5,10.1,29.5,1021.5,743.0
2020-05-17,525.058,11.4,5.3,16.9,0.0,0.0,289.6,11.2,25.9,1021.9,659.0
2020-05-18,516.415,14.4,4.3,22.1,0.0,0.0,247.8,14.0,38.2,1021.6,826.0
2020-05-19,395.968,15.7,8.0,21.4,0.0,0.0,294.8,11.5,33.8,1020.1,476.0
2020-05-20,187.603,14.0,9.0,16.2,0.0,0.0,36.5,7.6,18.7,1021.6,54.0
2020-05-21,529.636,14.9,5.6,21.5,0.0,0.0,55.7,7.6,22.7,1022.2,848.0
2020-05-22,272.072,17.8,10.5,23.9,1.3,0.0,195.0,12.6,33.8,1019.0,158.0
2020-05-23,206.641,12.8,9.5,16.1,7.0,0.0,257.1,20.2,45.0,1021.7,42.0
2020-05-24,343.028,11.5,7.4,16.2,2.3,0.0,252.3,23.8,58.3,1026.6,242.0
2020-05-25,361.493,12.0,7.7,16.5,1.7,0.0,308.2,19.1,50.8,1029.7,281.0
2020-05-26,373.477,11.8,4.8,17.8,0.0,0.0,314.5,7.6,22.0,1034.3,306.0
2020-05-27,490.025,14.9,5.9,21.2,0.0,0.0,285.8,9.7,34.9,1031.6,609.0
2020-05-28,519.72,13.5,8.6,18.3,3.8,0.0,9.7,14.0,36.0,1029.6,683.0
2020-05-29,450.573,13.1,6.7,18.1,0.0,0.0,44.7,10.8,34.2,1027.1,734.0
2020-05-30,430.559,12.3,7.9,17.2,0.2,0.0,27.1,13.7,42.8,1023.4,464.0
2020-05-31,448.476,12.6,6.3,18.7,0.0,0.0,16.5,11.9,43.6,1021.8,481.0
2020-01-06,567.257,2.5,-1.4,4.8,0.0,0.0,214.1,12.2,30.2,1027.7,168.0
2020-02-06,546.502,1.7,-1.4,3.4,0.0,0.0,256.4,13.0,27.0,1031.4,0.0
2020-03-06,332.053,5.0,2.6,7.8,0.5,0.0,219.5,23.4,54.0,992.7,12.0
2020-04-06,129.704,12.8,2.1,21.5,0.0,0.0,197.8,9.7,26.6,1022.2,740.0
2020-05-06,342.326,8.1,-1.7,15.5,0.0,0.0,303.3,10.4,28.4,1023.5,819.0
2020-06-06,327.192,10.8,6.3,16.1,0.2,0.0,216.3,21.2,46.1,1002.1,169.0
2020-07-06,316.291,14.9,7.9,19.7,0.8,0.0,261.4,25.2,59.8,1013.9,532.0
2020-08-06,305.222,22.0,11.3,29.1,0.0,0.0,101.4,9.4,27.4,1019.7,836.0
2020-09-06,282.382,13.1,7.0,18.2,0.0,0.0,272.8,11.5,28.8,1019.1,492.0
2020-10-06,207.136,11.5,9.8,14.4,0.4,0.0,208.7,25.6,57.2,1002.7,146.0
2020-11-06,156.174,4.0,-1.6,11.0,0.0,0.0,195.5,8.6,15.5,1034.5,504.0
2020-12-06,481.987,1.3,0.1,2.4,0.0,0.0,45.5,5.0,15.5,999.4,0.0
2020-06-13,463.385,21.5,14.6,28.8,5.3,0.0,46.8,10.4,57.2,1008.4,688.0
2020-06-14,199.916,18.0,16.4,20.6,41.4,0.0,343.2,8.6,24.1,1010.8,13.0
2020-06-15,169.518,16.8,14.8,19.0,7.9,0.0,269.8,14.4,35.6,1014.0,35.0
2020-06-16,344.136,17.3,14.1,22.8,10.8,0.0,277.4,9.4,28.4,1014.2,204.0
2020-06-17,397.358,19.8,14.9,24.7,0.0,0.0,56.1,8.6,34.2,1010.1,430.0
2020-06-18,112.489,15.3,12.0,16.8,14.8,0.0,264.1,16.9,32.0,1011.1,0.0
2020-06-19,369.072,16.7,10.7,21.8,2.7,0.0,270.6,16.2,38.9,1013.9,454.0
2020-06-20,263.424,16.4,12.5,19.6,14.5,0.0,283.3,15.5,38.9,1018.4,154.0
2020-06-21,509.796,17.7,10.8,22.5,0.0,0.0,290.6,10.4,28.1,1019.2,772.0
2020-06-22,398.59,17.7,12.2,21.9,0.0,0.0,282.4,13.3,35.6,1022.0,457.0
2020-06-23,539.717,18.0,9.5,23.4,0.0,0.0,315.7,8.3,28.8,1024.4,876.0
2020-06-24,496.23,18.5,10.1,23.9,0.0,0.0,51.0,9.0,31.3,1023.2,722.0
2020-06-25,304.636,18.8,14.0,23.9,0.7,0.0,45.6,9.4,30.2,1019.3,444.0
2020-06-26,532.489,21.0,13.4,27.6,0.0,0.0,101.5,8.3,36.0,1013.5,894.0
2020-06-27,418.915,21.0,14.1,27.6,3.3,0.0,213.5,16.2,55.1,1010.5,566.0
2020-06-28,294.244,19.5,14.4,24.4,0.0,0.0,222.8,18.4,43.6,1012.7,135.0
2020-06-29,446.55,16.5,11.5,21.2,0.2,0.0,231.6,16.6,54.7,1011.8,560.0
2020-06-30,549.658,16.3,10.7,21.0,0.0,0.0,234.2,22.7,54.7,1010.0,494.0
2020-01-07,470.648,2.0,-1.1,4.5,0.2,0.0,232.8,17.6,36.7,1026.3,36.0
2020-02-07,376.239,2.6,-0.3,4.7,0.0,0.0,193.4,9.4,23.4,1029.1,0.0
2020-03-07,419.678,3.3,0.1,5.4,1.7,0.0,268.1,20.9,44.3,1014.8,64.0
2020-04-07,468.17,12.6,3.7,19.1,0.0,0.0,121.3,12.2,33.5,1029.4,739.0
2020-05-07,314.991,11.9,1.8,19.7,0.0,0.0,292.3,12.2,28.8,1022.4,827.0
2020-06-07,395.585,13.5,10.3,16.5,0.0,0.0,223.6,15.8,34.9,1007.3,80.0
2020-07-07,392.79,14.1,7.3,19.9,0.0,0.0,260.1,14.0,40.0,1018.8,494.0
2020-08-07,180.331,23.9,12.4,31.7,0.0,0.0,45.5,7.6,25.2,1019.9,830.0
2020-09-07,361.63,13.5,6.4,20.1,0.0,0.0,260.3,9.7,27.0,1023.3,560.0
2020-10-07,295.186,11.5,10.0,14.5,0.3,0.0,238.3,23.8,48.2,1009.8,117.0
2020-11-07,413.956,2.9,-0.9,8.7,0.0,0.0,191.4,6.5,18.4,1027.6,469.0
2020-12-07,440.069,2.3,-0.2,3.8,0.0,0.0,195.0,13.0,35.3,1000.2,3.0
2020-07-13,533.052,17.6,7.7,24.1,0.0,0.0,35.2,5.8,20.5,1021.9,884.0
2020-07-14,383.519,19.2,10.5,26.3,0.0,0.0,218.9,11.5,34.2,1013.5,546.0
2020-07-15,209.955,14.5,10.5,17.6,5.0,0.0,276.0,10.1,38.9,1012.7,66.0
2020-07-16,216.396,14.4,11.3,17.7,0.0,0.0,265.7,12.6,27.7,1016.1,31.0
2020-07-17,377.225,15.9,8.1,21.5,0.0,0.0,302.6,8.3,24.1,1019.2,436.0
2020-07-18,415.68,18.9,10.1,24.9,0.0,0.0,341.2,7.6,21.2,1018.7,700.0
2020-07-19,442.88,20.9,11.5,27.5,0.0,0.0,256.5,9.0,29.9,1015.3,593.0
2020-07-20,331.4,18.4,13.0,23.7,0.5,0.0,277.4,13.7,36.4,1016.4,377.0
2020-07-21,477.107,17.0,12.2,23.0,0.0,0.0,356.9,10.4,33.8,1021.0,705.0
2020-07-22,511.478,16.5,7.6,23.4,0.0,0.0,357.6,8.3,26.3,1020.8,847.0
2020-07-23,504.063,17.8,9.6,23.6,0.0,0.0,12.7,7.6,24.5,1015.9,795.0
2020-07-24,384.776,20.6,13.9,27.7,0.0,0.0,239.9,15.1,42.1,1010.4,333.0
2020-07-25,405.779,20.3,15.3,26.4,0.0,0.0,248.9,13.0,43.6,1011.6,451.0
2020-07-26,320.141,19.0,14.7,23.8,8.6,0.0,215.5,17.6,46.8,1011.0,226.0
2020-07-27,351.775,20.0,10.8,25.9,0.0,0.0,200.7,11.9,30.2,1014.2,372.0
2020-07-28,383.272,22.2,14.8,27.2,0.0,0.0,248.0,19.8,52.2,1009.8,423.0
2020-07-29,521.71,17.8,11.0,23.7,0.0,0.0,276.9,14.8,47.5,1018.0,772.0
2020-07-30,501.196,18.8,8.7,26.9,0.0,0.0,290.8,8.6,29.2,1019.6,839.0
2020-07-31,505.817,21.8,12.5,28.6,0.0,0.0,39.9,7.2,21.6,1017.4,855.0
2020-01-08,419.092,5.5,3.7,7.3,2.8,0.0,225.0,24.8,46.8,1024.9,0.0
2020-02-08,163.072,4.0,-0.4,9.0,0.0,0.0,199.9,16.6,31.0,1023.2,327.0
2020-03-08,270.405,5.5,0.3,9.4,0.0,0.0,202.9,23.0,42.5,1015.5,148.0
2020-04-08,320.232,12.9,4.3,20.0,0.0,0.0,32.6,7.2,33.5,1025.6,740.0
2020-05-08,476.45,14.4,5.3,21.5,0.0,0.0,302.3,10.1,25.9,1017.1,696.0
2020-06-08,497.3,13.8,7.3,19.3,0.0,0.0,189.7,7.9,23.0,1013.0,210.0
2020-07-08,481.389,13.1,11.7,15.7,4.9,0.0,240.3,10.1,27.4,1016.2,36.0
2020-08-08,433.804,27.5,18.6,34.3,0.0,0.0,78.2,8.3,22.7,1018.1,731.0
2020-09-08,350.742,16.6,7.7,23.7,0.7,0.0,222.7,16.6,41.8,1024.8,727.0
2020-10-08,166.326,12.0,7.6,14.7,0.0,0.0,219.0,26.3,56.5,1016.4,63.0
2020-11-08,434.936,5.9,0.2,11.4,0.0,0.0,219.2,8.3,18.4,1024.6,447.0
2020-12-08,360.493,2.0,-0.1,5.1,0.0,0.0,57.6,6.8,15.8,1004.6,375.0
2020-08-13,175.1,21.7,17.6,25.2,0.0,0.0,288.2,9.0,22.7,1013.4,125.0
2020-08-14,160.897,20.1,17.7,22.9,2.3,0.0,256.8,9.7,26.3,1012.9,0.0
2020-08-15,202.934,19.9,17.4,24.2,11.2,0.0,213.0,7.2,15.5,1014.1,68.0
2020-08-16,343.554,22.3,16.5,28.3,0.0,0.0,125.8,7.6,28.8,1011.6,451.0
2020-08-17,161.789,19.3,15.0,22.8,2.4,0.0,230.2,13.3,33.5,1009.7,116.0
2020-08-18,345.333,19.0,14.1,25.1,1.3,0.0,254.2,12.6,35.3,1010.0,445.0
2020-08-19,410.083,19.8,13.6,25.3,0.0,0.0,253.4,9.4,21.2,1010.2,611.0
2020-08-20,388.066,23.2,17.3,28.8,0.0,0.0,200.1,13.3,36.7,1009.5,449.0
2020-08-21,391.618,26.4,19.8,33.1,0.0,0.0,208.9,18.7,47.5,1009.9,537.0
2020-08-22,269.544,21.1,16.7,24.9,4.6,0.0,226.6,18.7,44.6,1014.3,238.0
2020-08-23,264.905,18.1,14.3,22.8,0.0,0.0,245.0,19.8,51.1,1015.1,274.0
2020-08-24,266.088,16.5,11.5,21.3,0.0,0.0,244.7,19.1,51.5,1014.9,180.0
2020-08-25,285.058,17.3,10.1,22.3,0.1,0.0,219.6,16.2,45.4,1011.3,327.0
2020-08-26,264.94,18.7,15.8,21.5,0.0,0.0,236.3,42.1,96.5,1007.0,287.0
2020-08-27,328.112,16.7,13.6,20.8,0.0,0.0,270.1,16.9,41.4,1014.2,391.0
2020-08-28,258.592,17.5,13.1,22.2,0.1,0.0,199.9,18.7,43.6,1003.3,182.0
2020-08-29,285.729,17.1,13.3,21.1,0.0,0.0,224.9,16.9,45.0,1004.7,200.0
2020-08-30,110.525,14.8,11.8,18.7,8.9,0.0,320.6,10.1,37.1,1007.8,58.0
2020-08-31,118.643,14.1,12.6,16.9,5.2,0.0,282.2,12.6,33.8,1016.0,1.0
2020-01-09,149.279,8.3,5.6,10.3,4.3,0.0,203.3,23.0,42.8,1017.0,0.0
2020-02-09,354.505,8.7,4.2,11.9,0.3,0.0,206.3,40.3,92.9,1009.9,250.0
2020-03-09,296.376,6.3,1.4,10.0,0.3,0.0,233.4,19.1,42.5,1012.0,206.0
2020-04-09,208.401,11.7,2.9,18.5,0.0,0.0,36.9,11.2,22.3,1023.4,617.0
2020-05-09,118.417,15.6,7.5,21.6,0.0,0.0,49.9,8.6,30.2,1012.9,522.0
2020-06-09,376.91,13.7,7.9,19.0,1.5,0.0,18.9,9.7,33.8,1015.2,113.0
2020-07-09,383.649,17.9,12.4,24.3,0.5,0.0,217.4,15.5,44.3,1013.2,141.0
2020-08-09,439.672,26.0,17.0,34.8,0.7,0.0,54.9,11.5,41.4,1016.1,541.0
2020-09-09,419.748,18.9,10.1,26.2,1.0,0.0,230.1,16.2,43.2,1020.3,651.0
2020-10-09,400.229,11.9,8.6,15.0,10.4,0.0,244.1,11.5,46.4,1017.0,0.0
2020-11-09,374.917,3.6,2.1,6.5,0.0,0.0,72.5,7.2,16.9,1025.8,70.0
2020-12-09,370.578,0.8,-0.6,2.1,2.3,0.0,325.9,6.1,11.2,1008.8,0.0
2020-09-13,373.465,18.5,10.5,26.6,0.0,0.0,252.1,7.9,24.8,1025.2,676.0
2020-09-14,380.283,20.6,11.0,29.3,0.0,0.0,142.3,10.1,23.8,1025.1,694.0
2020-09-15,375.117,21.5,11.9,29.3,0.0,0.0,224.6,8.3,17.6,1019.8,683.0
2020-09-16,195.139,20.4,13.2,27.1,0.0,0.0,244.5,10.1,25.2,1017.9,265.0
2020-09-17,325.555,14.3,9.2,18.2,0.0,0.0,31.5,14.0,33.8,1026.1,417.0
2020-09-18,411.613,13.1,5.8,20.0,0.0,0.0,62.1,10.4,38.9,1026.3,691.0
2020-09-19,368.422,13.8,5.0,21.5,0.0,0.0,62.2,9.0,27.7,1020.5,596.0
2020-09-20,382.096,14.3,4.7,22.1,0.0,0.0,47.8,9.0,26.6,1017.3,678.0
2020-09-21,357.067,15.3,6.3,23.3,0.0,0.0,64.8,7.6,21.6,1015.7,669.0
2020-09-22,260.558,17.5,8.9,26.5,0.0,0.0,212.9,12.2,30.6,1010.0,584.0
2020-09-23,227.984,18.4,13.2,24.4,0.0,0.0,213.7,15.5,36.0,1005.2,369.0
2020-09-24,274.876,17.2,12.0,21.3,0.0,0.0,207.7,23.0,59.4,1003.3,447.0
2020-09-25,196.547,11.6,7.9,14.5,19.2,0.0,221.9,17.6,40.7,998.2,132.0
2020-09-26,42.37,7.9,5.9,9.2,19.8,0.0,248.5,11.5,29.2,996.8,0.0
2020-09-27,124.221,8.6,4.7,12.3,0.7,0.0,194.0,11.9,29.2,1003.6,75.0
2020-09-28,358.638,10.6,4.4,16.0,0.0,0.0,190.0,9.4,19.4,1010.8,537.0
2020-09-29,303.414,10.5,3.7,16.6,0.0,0.0,230.5,9.7,24.1,1016.2,517.0
2020-09-30,158.34,12.5,8.3,16.6,0.1,0.0,131.1,7.6,18.4,1015.2,57.0
2020-01-10,308.535,7.7,3.2,9.9,1.6,0.0,237.1,24.5,55.1,1017.2,15.0
2020-02-10,279.565,6.2,0.4,11.7,19.6,0.0,240.4,47.9,98.6,994.5,167.0
2020-03-10,177.686,6.4,1.5,11.9,1.8,0.0,214.6,32.0,63.4,1007.4,0.0
2020-04-10,224.655,10.7,4.4,17.6,0.0,0.0,357.3,9.4,28.8,1025.0,676.0
2020-05-10,166.618,15.3,8.2,21.3,1.4,0.0,320.4,6.5,21.6,1005.1,76.0
2020-06-10,147.069,13.3,11.8,16.0,8.0,0.0,331.3,10.4,25.6,1013.5,0.0
2020-07-10,168.329,18.7,11.9,25.8,0.0,0.0,237.5,21.6,62.6,1010.9,174.0
2020-08-10,113.019,21.3,19.5,23.9,5.0,0.0,45.8,9.0,25.6,1016.3,28.0
2020-09-10,47.536,15.8,10.3,19.5,0.3,0.0,349.8,10.4,43.2,1020.3,591.0
2020-10-10,165.414,8.5,4.4,12.3,0.3,0.0,245.6,17.3,45.7,1018.5,244.0
2020-11-10,201.291,2.2,1.1,3.3,0.1,0.0,150.6,3.2,11.2,1028.0,0.0
2020-12-10,163.479,1.0,0.1,1.8,1.1,0.0,283.8,4.0,10.1,1007.4,0.0
2020-10-13,148.762,6.9,2.3,10.6,0.0,0.0,322.0,8.6,20.5,1014.5,17.0
2020-10-14,50.019,7.2,6.6,7.9,16.6,0.0,329.6,20.2,41.4,1011.9,0.0
2020-10-15,28.406,7.4,6.9,8.0,8.4,0.0,7.3,17.6,37.1,1015.7,0.0
2020-10-16,92.467,7.4,6.3,9.5,4.2,0.0,13.8,16.6,34.2,1019.2,18.0
2020-10-17,76.535,6.8,6.1,7.9,3.1,0.0,301.0,10.4,23.0,1019.1,0.0
2020-10-18,207.293,7.8,5.9,10.5,0.1,0.0,253.4,18.7,35.6,1020.6,161.0
2020-10-19,107.239,7.9,3.7,11.8,0.0,0.0,215.5,13.0,24.8,1022.0,30.0
2020-10-20,124.56,9.5,3.8,14.7,0.0,0.0,188.1,15.8,32.4,1014.5,124.0
2020-10-21,96.805,14.7,10.3,18.9,0.0,0.0,194.2,19.1,44.3,1008.7,81.0
2020-10-22,213.588,16.2,12.7,18.7,0.0,0.0,208.4,23.0,45.7,1012.5,437.0
2020-10-23,41.44,14.1,11.6,16.0,0.3,0.0,217.5,15.1,28.8,1011.5,0.0
2020-10-24,232.267,12.6,9.1,16.6,0.2,0.0,229.3,22.0,46.1,1013.6,415.0
2020-10-25,71.525,12.2,9.5,14.8,0.0,0.0,194.4,16.6,37.1,1007.2,116.0
2020-10-26,33.532,9.6,7.1,11.2,2.3,0.0,205.6,14.4,38.5,1004.0,0.0
2020-10-27,132.872,8.4,5.8,10.9,0.0,0.0,207.1,22.7,45.4,1008.4,174.0
2020-10-28,176.715,9.9,8.1,12.9,2.3,0.0,207.9,26.6,55.4,1009.7,121.0
2020-10-29,179.852,9.1,7.0,11.7,3.8,0.0,237.8,23.0,53.6,1014.5,207.0
2020-10-30,43.322,12.0,8.1,13.6,3.5,0.0,239.4,27.4,55.4,1018.4,0.0
2020-10-31,88.83,11.9,9.0,14.5,0.0,0.0,216.3,16.9,31.0,1020.8,69.0
2020-01-11,64.893,2.8,0.0,5.3,0.1,0.0,253.3,15.5,34.2,1031.0,340.0
2020-02-11,90.911,2.9,0.9,5.3,8.2,0.0,250.9,46.4,88.6,1001.5,415.0
2020-03-11,97.385,9.7,6.9,11.9,17.7,0.0,244.6,21.6,64.1,1009.9,0.0
2020-04-11,161.315,9.4,0.2,15.8,0.0,0.0,58.7,8.6,23.8,1024.9,758.0
2020-05-11,232.106,5.0,-0.2,13.5,21.8,0.0,354.8,16.9,44.3,1008.2,75.0
2020-06-11,232.757,13.7,11.6,16.2,2.6,0.0,22.6,7.2,17.3,1010.4,16.0
2020-07-11,227.061,14.4,9.0,19.9,0.0,0.0,320.3,10.1,36.7,1022.4,538.0
2020-08-11,189.535,24.2,18.1,31.9,0.0,0.0,75.0,10.4,50.0,1016.6,570.0
2020-09-11,157.554,15.4,6.5,22.8,0.0,0.0,7.6,6.8,25.6,1017.1,616.0
2020-10-11,35.844,6.7,3.2,11.1,0.2,0.0,223.2,14.8,31.3,1018.6,185.0
2020-11-11,40.384,6.4,3.2,8.9,0.0,0.0,229.5,8.6,20.9,1025.5,0.0
2020-12-11,94.923,1.3,0.1,1.9,0.0,0.0,169.0,13.0,29.5,1000.5,0.0
2020-11-13,174.916,8.2,2.0,12.4,0.0,0.0,204.9,17.3,32.8,1019.4,354.0
2020-11-14,171.357,11.5,8.9,15.8,0.0,0.0,206.2,17.3,34.6,1018.0,374.0
2020-11-15,66.97,11.3,9.0,14.9,0.0,0.0,171.2,20.2,51.8,1011.6,124.0
2020-11-16,108.57,9.3,7.7,11.2,0.3,0.0,219.4,23.4,41.8,1014.4,113.0
2020-11-17,35.815,9.2,6.7,10.2,0.0,0.0,224.2,23.0,45.4,1024.7,0.0
2020-11-18,155.466,10.0,7.3,13.7,0.0,0.0,214.9,14.4,39.6,1023.9,268.0
2020-11-19,68.922,7.8,1.5,11.0,2.4,0.0,246.5,26.3,58.0,1019.7,99.0
2020-11-20,94.992,1.9,-1.8,5.6,0.4,0.0,265.2,15.5,34.9,1032.8,153.0
2020-11-21,113.3,1.7,-3.4,5.4,0.0,0.0,216.4,19.8,46.8,1032.2,191.0
2020-11-22,59.883,5.8,3.8,9.0,0.0,0.0,231.3,22.7,43.6,1025.6,112.0
2020-11-23,152.771,4.6,-0.9,7.9,0.6,0.0,245.8,14.8,30.2,1027.7,224.0
2020-11-24,184.323,1.1,-2.9,6.7,0.0,0.0,190.9,10.4,29.2,1026.1,431.0
2020-11-25,175.181,1.1,-4.4,7.2,0.0,0.0,201.8,10.4,26.3,1020.5,446.0
2020-11-26,154.093,1.2,-2.5,6.6,0.0,0.0,236.0,14.4,27.0,1022.1,348.0
2020-11-27,85.56,1.5,-1.5,6.0,0.0,0.0,287.8,7.2,19.4,1021.6,190.0
2020-11-28,20.49,0.5,-0.7,1.8,0.0,0.0,69.1,9.0,30.6,1023.8,0.0
2020-11-29,28.69,0.9,-0.6,2.2,0.0,0.0,85.9,5.8,25.2,1026.4,0.0
2020-11-30,173.988,-0.5,-6.2,3.2,0.0,0.0,231.6,12.2,30.6,1023.8,369.0
2020-01-12,21.255,2.3,-0.2,4.2,0.0,0.0,216.7,22.7,51.8,1024.0,280.0
2020-02-12,30.923,2.7,0.8,5.7,0.3,0.0,248.8,38.9,83.2,1011.8,396.0
2020-03-12,29.526,9.4,3.9,12.4,1.2,0.0,240.9,32.8,79.9,1008.7,255.0
2020-04-12,74.675,13.5,2.7,23.1,0.0,0.0,214.2,13.7,38.9,1015.2,482.0
2020-05-12,32.998,5.1,-2.9,9.9,0.0,0.0,303.6,11.9,34.2,1017.0,492.0
2020-06-12,34.726,19.4,12.7,25.7,0.0,0.0,93.0,10.1,43.9,1008.6,634.0
2020-07-12,23.022,14.9,6.0,20.9,0.0,0.0,347.6,7.9,29.9,1026.1,630.0
2020-08-12,142.318,23.3,18.4,31.6,0.1,0.0,127.6,10.4,49.7,1015.8,546.0
2020-09-12,25.534,18.1,10.2,25.6,0.0,0.0,229.1,14.4,37.8,1018.6,677.0
2020-10-12,15.434,7.7,4.6,12.6,0.8,0.0,268.2,13.0,34.6,1017.9,194.0
2020-11-12,13.855,6.5,3.7,9.1,0.0,0.0,197.8,17.3,31.0,1020.5,135.0
2020-12-12,57.078,2.7,1.2,5.2,1.4,0.0,194.8,9.7,25.2,999.5,11.0
2020-12-13,24.233,4.1,1.7,6.5,0.0,0.0,222.9,11.9,25.2,1010.5,0.0
2020-12-14,87.227,4.9,1.6,8.5,0.0,0.0,185.4,18.4,42.5,1012.7,117.0
2020-12-15,23.981,6.8,3.8,9.8,0.0,0.0,193.6,14.4,28.4,1012.6,0.0
2020-12-16,119.23,6.9,4.5,10.5,0.0,0.0,180.2,10.8,27.0,1018.7,257.0
2020-12-17,30.992,5.0,2.2,7.6,0.0,0.0,192.2,20.5,43.2,1021.1,25.0
2020-12-18,147.452,4.2,0.7,9.0,0.0,0.0,188.8,15.1,31.7,1024.2,407.0
2020-12-19,147.741,4.7,1.2,10.5,0.0,0.0,178.3,18.7,36.4,1019.7,407.0
2020-12-20,17.932,4.0,1.7,5.8,1.1,0.0,196.2,16.2,30.6,1020.8,0.0
2020-12-21,82.629,4.2,0.7,7.8,0.1,0.0,191.3,17.6,40.7,1020.3,211.0
2020-12-22,54.871,10.7,6.9,13.7,0.6,0.0,224.3,28.4,62.6,1011.9,191.0
2020-12-23,20.848,10.2,8.8,11.6,5.5,0.0,201.2,15.8,48.2,1010.8,0.0
2020-12-24,72.613,5.2,0.3,10.9,2.5,0.0,255.3,23.4,55.4,1008.0,32.0
2020-12-25,50.032,0.8,-3.7,2.8,0.4,0.0,310.3,15.5,32.0,1019.5,12.0
2020-12-26,63.961,-0.3,-4.8,1.8,0.0,0.0,232.4,21.2,58.0,1021.3,13.0
2020-12-27,17.059,0.5,-0.7,2.1,0.7,0.0,194.6,36.0,70.2,996.7,0.0
2020-12-28,53.408,2.0,0.2,4.3,2.2,0.0,167.3,18.0,49.3,981.6,43.0
2020-12-29,59.052,1.7,-0.5,3.1,0.3,0.0,202.2,19.4,42.1,988.8,68.0
2020-12-30,50.037,1.9,-0.1,3.7,0.2,0.0,210.0,16.9,35.6,1001.8,2.0
2020-12-31,66.913,1.6,-0.3,3.2,0.0,0.0,195.8,13.7,35.6,1004.9,2.0
2021-01-01,21.318,1.1,0.1,2.3,0.3,0.0,239.7,7.9,16.2,1007.7,1.0
2021-02-01,31.175,0.8,-3.6,3.5,1.1,0.0,139.2,7.1,18.0,997.1,0.0
2021-03-01,0.649,3.4,0.7,8.1,0.0,0.0,106.9,7.2,21.6,1035.7,8.0
2021-04-01,0.107,13.4,7.3,18.8,0.0,0.0,285.0,14.3,42.8,1018.6,332.0
2021-05-01,0.004,8.2,4.5,11.4,0.1,0.0,33.2,3.2,23.8,1012.7,160.0
2021-06-01,1.555,14.7,6.9,20.4,0.0,0.0,110.5,6.7,25.6,1019.4,832.0
2021-07-01,11.859,14.7,13.1,16.9,3.9,0.0,259.4,17.6,46.4,1013.2,3.0
2021-08-01,10.499,16.0,12.5,19.8,1.2,0.0,264.6,7.8,32.0,1009.1,179.0
2021-09-01,6.847,14.5,10.5,18.7,0.0,0.0,301.7,7.2,23.4,1026.1,410.0
2021-10-01,43.731,12.2,7.9,17.8,0.0,0.0,190.8,12.9,36.4,1020.5,619.0
2021-11-01,48.676,10.4,8.0,12.7,1.0,0.0,217.9,16.0,39.2,1002.7,0.0
2021-12-01,40.606,5.5,4.5,6.6,1.9,0.0,232.1,28.8,69.1,996.9,11.0
2021-01-13,54.21,-0.2,-1.5,0.8,0.5,40.0,258.3,26.1,60.8,1012.5,20.0
2021-01-14,34.532,-1.6,-5.1,0.1,0.0,40.0,324.6,14.8,65.5,1017.3,0.0
2021-01-15,15.229,-2.9,-5.9,-1.3,0.4,40.0,315.1,7.2,29.2,1024.9,0.0
2021-01-16,30.604,-4.1,-7.0,-2.5,0.0,50.0,272.1,9.5,29.2,1025.6,0.0
2021-01-17,51.808,-4.7,-8.7,-1.4,0.2,50.0,187.8,6.5,20.2,1019.7,0.0
2021-01-18,61.972,1.2,-0.7,1.9,0.2,60.0,252.8,18.1,39.6,1021.4,23.0
2021-01-19,27.886,2.4,1.3,4.3,5.4,40.0,231.8,29.1,57.6,1012.5,0.0
2021-01-20,89.14,4.5,2.2,6.3,0.0,0.0,213.6,28.9,55.8,1005.1,58.0
2021-01-21,103.85,6.3,3.8,8.8,0.0,0.0,203.0,26.1,82.8,998.0,156.0
2021-01-22,28.286,4.1,-2.1,7.3,3.0,0.0,220.1,18.7,76.0,994.1,0.0
2021-01-23,74.711,0.8,-1.5,3.7,6.0,20.0,249.8,8.4,24.5,997.2,95.0
2021-01-24,36.268,0.3,-1.3,1.5,0.5,10.0,231.2,12.1,33.8,995.8,4.0
2021-01-25,83.942,-2.2,-5.3,1.0,0.0,0.0,243.8,7.4,27.0,1004.5,97.0
2021-01-26,29.217,-0.9,-3.3,1.3,0.2,10.0,260.3,18.1,46.4,1013.7,0.0
2021-01-27,67.764,-0.2,-2.2,1.2,0.0,20.0,224.4,16.9,36.4,1014.6,88.0
2021-01-28,16.887,1.7,0.2,3.3,8.5,20.0,257.2,11.5,36.7,1005.5,0.0
2021-01-29,24.259,3.6,0.2,6.6,10.8,20.0,205.4,14.6,48.6,996.9,0.0
2021-01-30,35.264,0.1,-2.5,4.7,2.2,0.0,41.0,16.1,59.0,1001.7,0.0
2021-01-31,218.883,-2.8,-6.0,1.6,0.0,0.0,99.2,7.7,27.7,1004.6,431.0
2021-01-02,66.842,-0.2,-2.0,1.9,0.0,0.0,126.1,5.5,19.8,1014.1,0.0
2021-02-02,41.299,3.6,1.5,7.2,0.7,0.0,228.8,15.3,34.9,1002.5,0.0
2021-03-02,40.72,4.2,-0.3,11.2,0.0,0.0,47.4,4.2,16.9,1033.5,357.0
2021-04-02,165.704,6.2,4.4,9.8,0.2,0.0,348.4,13.6,50.0,1021.5,299.0
2021-05-02,73.419,7.4,4.6,9.6,11.5,0.0,299.9,16.2,44.3,1014.0,87.0
2021-06-02,2.438,17.5,10.7,23.4,0.0,0.0,120.9,6.7,28.4,1017.4,715.0
2021-07-02,,14.8,12.4,18.5,2.0,0.0,270.5,11.6,28.4,1017.0,138.0
2021-08-02,,15.6,13.4,18.6,0.1,0.0,264.7,11.8,33.8,1013.0,136.0
2021-09-02,,15.3,10.8,20.3,0.0,0.0,35.6,6.3,24.1,1026.7,467.0
2021-10-02,,14.9,11.5,19.1,0.0,0.0,200.8,16.0,46.1,1013.1,528.0
2021-11-02,,7.2,5.6,9.6,0.8,0.0,228.3,10.7,25.2,1002.0,77.0
2021-12-02,,1.1,-2.3,3.7,2.9,0.0,270.6,14.3,57.6,1000.4,16.0
2021-02-13,,-10.6,-14.7,-7.1,0.0,280.0,138.3,5.4,14.0,1042.0,68.0
2021-02-14,0.0,-11.0,-17.5,-5.9,0.0,280.0,169.7,6.4,16.9,1041.8,534.0
2021-02-15,0.0,-2.0,-5.1,1.8,0.5,260.0,196.4,23.3,42.8,1030.9,14.0
2021-02-16,56.429,3.8,1.2,6.2,0.0,220.0,218.9,17.6,33.8,1019.5,79.0
2021-02-17,255.382,4.2,3.0,5.2,1.3,130.0,240.2,19.0,49.3,1017.3,355.0
2021-02-18,183.582,5.5,2.8,8.7,0.0,70.0,191.2,16.1,50.8,1016.4,278.0
2021-02-19,267.78,5.1,2.2,8.9,0.0,0.0,222.9,15.0,46.8,1018.2,467.0
2021-02-20,250.531,8.3,5.2,13.3,0.0,0.0,196.9,16.3,32.8,1018.7,507.0
2021-02-21,298.345,9.7,7.0,14.6,0.0,0.0,198.1,16.5,42.8,1018.5,566.0
2021-02-22,294.781,6.7,1.7,14.5,0.0,0.0,219.5,7.9,28.1,1022.1,512.0
2021-02-23,249.021,10.9,6.6,15.8,0.0,0.0,216.3,15.2,33.1,1031.7,498.0
2021-02-24,258.999,11.8,8.2,16.2,0.0,0.0,209.4,15.4,32.8,1032.5,491.0
2021-02-25,292.251,12.0,8.7,16.2,0.0,0.0,215.3,15.5,34.9,1028.0,524.0
2021-02-26,25.858,5.8,2.6,8.3,5.2,0.0,285.0,10.1,31.0,1030.9,7.0
2021-02-27,69.931,2.8,0.6,5.2,0.0,0.0,324.4,8.6,28.4,1038.5,36.0
2021-02-28,340.124,3.3,1.2,7.5,0.0,0.0,100.0,4.6,20.2,1037.9,594.0
2021-01-03,121.411,-1.0,-1.4,-0.5,5.4,10.0,35.8,11.0,31.7,1013.4,0.0
2021-02-03,284.621,7.7,6.5,9.4,7.4,0.0,222.5,20.9,72.7,1000.1,0.0
2021-03-03,210.127,7.5,1.0,14.6,0.0,0.0,232.4,11.2,25.2,1028.1,252.0
2021-04-03,75.583,5.0,2.2,8.6,0.0,0.0,331.5,16.0,39.6,1023.2,228.0
2021-05-03,271.906,6.5,1.6,11.6,0.0,0.0,250.9,14.5,40.0,1019.5,566.0
2021-06-03,366.448,20.0,14.0,25.5,0.0,0.0,144.9,6.7,24.8,1020.8,670.0
2021-07-03,368.569,17.2,10.5,22.9,0.0,0.0,276.5,5.2,25.9,1016.0,761.0
2021-08-03,149.534,15.3,11.6,18.8,2.5,0.0,231.7,6.5,30.2,1013.9,313.0
2021-09-03,157.697,16.6,9.8,22.5,0.0,0.0,304.6,5.1,23.0,1021.3,659.0
2021-10-03,172.701,18.0,15.7,22.3,0.0,0.0,191.0,22.1,49.3,1006.6,18.0
2021-11-03,135.369,6.0,2.9,8.5,0.4,0.0,95.9,6.3,20.9,1002.7,68.0
2021-12-03,273.881,-1.3,-3.4,0.8,0.0,10.0,229.3,19.9,49.7,1010.6,237.0
2021-03-13,179.358,4.9,3.7,6.2,4.0,0.0,226.9,29.0,80.3,1000.0,77.0
2021-03-14,235.242,3.6,2.1,6.4,0.0,0.0,256.5,22.4,59.4,1006.6,190.0
2021-03-15,169.85,3.2,1.5,6.4,1.5,0.0,269.1,19.7,50.8,1010.3,90.0
2021-03-16,202.087,2.7,0.3,6.4,0.1,0.0,302.5,16.9,48.2,1019.1,216.0
2021-03-17,113.453,0.9,-1.0,3.9,0.5,0.0,328.4,9.3,25.6,1023.1,0.0
2021-03-18,239.334,1.7,-1.3,5.5,4.5,0.0,293.8,5.7,27.7,1022.4,298.0
2021-03-19,102.233,0.4,-2.1,3.6,3.5,30.0,19.6,12.1,41.8,1022.0,92.0
2021-03-20,231.147,-2.1,-6.7,1.5,0.0,0.0,351.6,7.5,24.8,1028.1,182.0
2021-03-21,174.389,3.2,0.9,6.1,0.0,0.0,292.6,20.1,58.0,1018.5,85.0
2021-03-22,198.174,2.9,0.9,5.6,0.1,0.0,309.3,11.3,34.9,1021.9,213.0
2021-03-23,83.301,4.0,2.2,6.7,0.0,0.0,274.2,10.4,26.3,1025.4,0.0
2021-03-24,417.01,6.4,1.7,12.3,0.0,0.0,229.5,11.3,37.8,1023.8,677.0
2021-03-25,294.287,8.7,3.8,14.2,0.0,0.0,238.6,9.3,22.0,1020.1,345.0
2021-03-26,312.866,8.7,4.6,13.6,0.0,0.0,212.6,11.1,32.4,1019.0,270.0
2021-03-27,256.113,6.0,2.3,8.2,7.3,0.0,240.6,21.5,84.6,1020.1,198.0
2021-03-28,286.507,6.7,-0.6,12.7,0.0,0.0,,20.5,49.0,1028.0,155.0
2021-03-29,421.345,11.2,6.4,17.2,0.0,0.0,236.5,15.9,42.1,1029.8,545.0
2021-03-30,444.817,12.9,6.6,19.7,0.0,0.0,254.3,7.7,26.3,1030.8,714.0
2021-03-31,436.06,13.1,5.0,21.0,0.0,0.0,213.3,8.8,23.8,1024.1,713.0
2021-01-04,345.323,-0.8,-1.3,-0.6,0.9,60.0,35.0,7.6,24.5,1015.9,0.0
2021-02-04,245.317,5.2,-0.4,7.5,2.5,0.0,247.2,17.5,48.2,1012.0,107.0
2021-03-04,253.6,6.6,1.7,10.8,5.1,0.0,280.8,12.5,36.0,1019.3,0.0
2021-04-04,415.547,4.2,-0.4,8.5,0.0,0.0,278.6,9.2,41.0,1022.2,618.0
2021-05-04,98.542,8.8,6.4,10.9,0.2,0.0,215.1,29.4,82.4,1004.8,64.0
2021-06-04,291.267,19.5,15.2,23.8,15.2,0.0,240.8,6.4,37.4,1020.9,263.0
2021-07-04,246.202,18.9,13.8,23.5,0.1,0.0,216.2,6.0,39.6,1011.3,391.0
2021-08-04,257.524,15.7,12.6,18.9,0.7,0.0,235.9,4.9,27.4,1013.0,185.0
2021-09-04,384.737,16.0,12.3,20.6,0.0,0.0,58.1,4.9,23.8,1018.7,426.0
2021-10-04,99.765,13.1,10.4,15.8,1.0,0.0,227.2,7.7,33.5,1017.0,2.0
2021-11-04,293.807,6.0,5.0,6.6,19.5,0.0,287.5,15.3,46.1,1003.6,0.0
2021-12-04,199.362,2.3,0.2,4.4,0.2,0.0,190.3,13.2,40.0,999.2,107.0
2021-04-13,294.158,2.4,-2.1,7.2,0.1,0.0,297.7,11.5,49.7,1029.8,281.0
2021-04-14,292.175,1.8,-1.9,6.4,0.1,0.0,316.3,9.5,36.0,1029.2,194.0
2021-04-15,324.858,1.5,-3.0,5.4,0.8,0.0,349.2,9.6,42.5,1028.6,278.0
2021-04-16,236.59,3.0,0.1,7.2,0.2,0.0,359.6,8.8,33.5,1026.2,34.0
2021-04-17,141.87,3.7,0.6,6.8,0.1,0.0,333.1,7.2,25.9,1023.6,0.0
2021-04-18,137.465,6.6,3.9,10.1,5.9,0.0,342.8,6.2,19.1,1020.6,0.0
2021-04-19,160.245,7.4,5.1,10.8,0.0,0.0,28.9,7.0,16.9,1019.9,52.0
2021-04-20,255.763,8.3,3.2,13.3,8.6,0.0,279.4,6.9,40.7,1017.0,224.0
2021-04-21,505.296,9.7,4.9,14.3,0.0,0.0,294.9,10.5,43.6,1015.6,743.0
2021-04-22,516.865,4.6,0.0,7.7,0.0,0.0,310.3,14.2,53.6,1022.8,613.0
2021-04-23,440.231,4.9,0.2,10.2,0.0,0.0,306.4,10.4,32.0,1027.4,516.0
2021-04-24,487.109,5.7,0.1,11.2,0.0,0.0,325.3,7.1,26.6,1025.9,579.0
2021-04-25,497.925,4.7,-0.2,9.4,0.0,0.0,329.3,10.6,31.7,1024.7,591.0
2021-04-26,548.394,3.9,-2.1,9.1,0.0,0.0,87.4,9.6,35.6,1021.3,788.0
2021-04-27,533.578,4.7,-2.3,11.1,0.0,0.0,94.6,10.2,37.4,1013.4,807.0
2021-04-28,505.522,9.1,0.4,17.3,0.0,0.0,104.7,7.1,34.9,1006.2,740.0
2021-04-29,350.764,10.5,6.1,14.6,0.8,0.0,244.7,15.9,63.4,1003.7,371.0
2021-04-30,203.5,7.2,3.2,10.2,0.0,0.0,274.4,10.2,31.3,1012.2,1.0
2021-01-05,302.196,-0.7,-1.2,-0.2,4.4,50.0,37.3,10.4,25.2,1016.0,0.0
2021-02-05,271.609,2.9,-1.1,6.4,1.6,0.0,108.7,5.1,21.6,1014.7,3.0
2021-03-05,458.477,1.0,-2.2,3.2,1.0,0.0,21.2,11.5,33.8,1025.6,367.0
2021-04-05,224.896,2.5,-1.5,5.1,4.7,0.0,262.5,23.1,65.9,1007.5,62.0
2021-05-05,400.812,6.7,4.4,8.6,3.8,0.0,248.3,25.3,75.2,1004.0,454.0
2021-06-05,317.706,18.4,14.2,24.3,6.8,0.0,269.4,6.0,27.4,1019.1,278.0
2021-07-05,364.678,17.9,14.8,20.5,0.0,0.0,229.4,13.8,39.6,1010.8,388.0
2021-08-05,468.915,16.1,13.9,18.6,0.0,0.0,210.8,4.3,29.9,1009.9,284.0
2021-09-05,500.87,14.5,8.8,21.0,0.0,0.0,98.4,7.0,17.3,1021.8,387.0
2021-10-05,417.9,11.6,10.0,15.0,14.4,0.0,182.1,9.0,37.4,1011.4,41.0
2021-11-05,215.742,6.0,5.0,8.0,4.0,0.0,259.3,14.8,32.8,1020.3,0.0
2021-12-05,143.883,1.2,-1.7,3.4,0.0,0.0,240.5,11.8,40.3,1004.8,137.0
2021-05-13,207.676,11.1,8.6,14.0,2.6,0.0,304.6,8.5,26.6,1007.6,0.0
2021-05-14,292.613,11.8,9.3,15.3,0.6,0.0,257.8,10.9,36.4,1006.9,172.0
2021-05-15,371.09,10.6,7.8,14.8,0.3,0.0,212.3,15.4,67.7,1006.9,358.0
2021-05-16,444.381,10.8,7.6,14.3,3.2,0.0,222.9,16.2,50.0,1003.6,407.0
2021-05-17,342.805,10.8,8.0,13.9,5.4,0.0,234.4,15.7,51.8,1004.3,394.0
2021-05-18,318.217,10.4,7.9,13.2,6.0,0.0,262.6,14.7,47.9,1011.6,321.0
2021-05-19,406.107,9.8,6.4,13.3,5.5,0.0,278.0,11.6,47.2,1015.6,436.0
2021-05-20,340.413,10.5,6.7,14.3,1.7,0.0,260.0,9.4,35.3,1018.8,257.0
2021-05-21,449.271,12.6,9.4,16.2,0.0,0.0,218.0,21.9,65.5,1008.4,450.0
2021-05-22,498.573,11.1,8.7,14.2,1.3,0.0,230.9,24.7,71.6,1006.3,401.0
2021-05-23,375.829,10.8,7.4,14.8,0.1,0.0,239.9,17.4,54.7,1013.5,459.0
2021-05-24,487.846,13.6,8.0,20.0,0.0,0.0,186.3,13.2,42.1,1012.9,616.0
2021-05-25,402.85,9.6,7.8,11.6,4.3,0.0,232.5,24.6,72.4,1013.4,384.0
2021-05-26,199.408,9.3,7.5,11.9,5.2,0.0,231.4,19.1,42.1,1013.1,41.0
2021-05-27,236.898,9.3,7.3,10.9,4.1,0.0,246.3,21.9,50.4,1015.6,63.0
2021-05-28,362.325,10.6,7.7,14.3,0.0,0.0,309.8,10.5,36.0,1022.5,317.0
2021-05-29,359.825,10.6,6.4,15.5,0.8,0.0,336.4,8.3,31.7,1024.9,336.0
2021-05-30,501.587,11.6,5.7,16.4,0.0,0.0,10.2,10.6,34.9,1026.7,730.0
2021-05-31,572.386,13.5,8.5,18.3,0.0,0.0,73.6,6.5,25.2,1023.2,899.0
2021-01-06,521.816,-0.1,-0.6,1.1,0.9,80.0,322.2,8.0,25.2,1013.4,0.0
2021-02-06,526.834,0.2,-2.7,2.5,11.4,0.0,62.8,14.4,47.2,1012.9,0.0
2021-03-06,439.239,-0.2,-4.2,4.6,0.0,0.0,271.4,6.6,25.6,1032.6,616.0
2021-04-06,379.54,0.4,-2.2,4.2,1.1,0.0,268.9,21.5,56.9,1008.9,337.0
2021-05-06,268.724,6.4,2.3,10.6,1.0,0.0,224.5,15.8,46.1,1007.5,352.0
2021-06-06,149.47,16.7,14.9,18.9,34.6,0.0,321.2,10.1,27.7,1020.3,13.0
2021-07-06,250.485,20.0,15.9,26.3,3.1,0.0,201.1,13.4,46.8,1010.3,336.0
2021-08-06,344.142,16.6,12.5,20.4,0.0,0.0,220.9,12.7,46.4,1006.3,359.0
2021-09-06,368.619,17.0,11.3,23.0,0.0,0.0,14.5,5.6,16.6,1023.6,414.0
2021-10-06,436.44,10.7,8.2,13.6,0.5,0.0,221.1,15.6,47.2,1016.2,251.0
2021-11-06,524.175,6.2,4.8,9.1,0.0,0.0,235.9,17.3,43.6,1027.6,434.0
2021-12-06,322.828,-0.4,-1.9,1.4,0.0,0.0,291.6,5.1,22.7,1014.0,0.0
2021-06-13,518.307,13.5,10.3,17.5,0.0,0.0,329.0,11.8,32.8,1025.8,735.0
2021-06-14,557.954,17.1,9.3,23.5,0.0,0.0,189.1,4.3,19.8,1022.5,888.0
2021-06-15,483.049,19.6,13.7,24.3,0.0,0.0,305.2,8.5,27.4,1018.8,641.0
2021-06-16,487.763,20.2,13.8,25.9,0.0,0.0,98.4,6.7,25.2,1016.8,787.0
2021-06-17,518.731,24.4,17.8,30.1,0.0,0.0,153.6,8.8,34.9,1014.0,909.0
2021-06-18,513.208,24.3,17.3,30.1,0.0,0.0,117.1,5.7,22.7,1013.3,866.0
2021-06-19,395.959,24.5,19.8,29.2,0.0,0.0,215.1,7.9,29.2,1013.9,567.0
2021-06-20,320.594,23.7,20.4,27.0,0.9,0.0,196.2,10.6,40.3,1009.9,315.0
2021-06-21,467.379,21.4,18.1,25.8,22.0,0.0,236.7,11.5,41.4,1007.1,810.0
2021-06-22,219.481,16.1,13.0,19.9,0.2,0.0,16.7,8.8,20.9,1013.9,51.0
2021-06-23,216.105,16.6,12.8,20.1,0.0,0.0,69.8,8.5,19.1,1018.8,1.0
2021-06-24,185.118,16.5,13.8,19.0,5.1,0.0,51.9,7.9,23.0,1018.6,18.0
2021-06-25,285.954,16.0,14.0,19.8,2.5,0.0,343.5,3.5,19.4,1017.8,197.0
2021-06-26,424.691,17.3,11.9,21.7,0.2,0.0,196.1,4.9,19.4,1019.0,510.0
2021-06-27,506.122,19.3,13.5,23.9,0.0,0.0,118.4,6.2,29.5,1017.5,776.0
2021-06-28,340.499,22.0,15.7,27.6,0.0,0.0,122.2,5.2,59.8,1014.9,427.0
2021-06-29,287.905,20.0,17.1,23.7,1.7,0.0,279.6,6.5,46.1,1011.2,204.0
2021-06-30,368.418,17.1,14.3,20.3,0.0,0.0,247.6,15.0,39.6,1010.5,188.0
2021-01-07,170.926,-1.1,-2.3,0.5,0.0,70.0,239.0,13.3,27.4,1012.9,2.0
2021-02-07,204.208,-5.9,-8.1,-3.1,12.7,180.0,64.1,17.4,47.9,1004.9,0.0
2021-03-07,519.024,0.1,-4.9,5.7,0.0,0.0,276.0,7.5,34.9,1024.8,599.0
2021-04-07,349.101,0.5,-2.1,3.4,1.2,0.0,266.8,22.5,56.2,1013.2,127.0
2021-05-07,314.075,6.1,3.5,8.6,1.5,0.0,283.7,15.0,47.9,1011.3,380.0
2021-06-07,218.145,16.7,13.8,21.2,0.2,0.0,359.9,6.8,20.2,1021.7,192.0
2021-07-07,316.007,17.4,14.5,21.2,0.2,0.0,208.1,7.1,24.8,1016.8,223.0
2021-08-07,209.96,17.2,13.4,21.1,6.4,0.0,207.3,14.0,41.8,1006.0,331.0
2021-09-07,73.036,16.9,12.8,21.3,0.0,0.0,67.1,5.3,18.4,1024.1,491.0
2021-10-07,473.561,9.7,5.9,14.5,0.0,0.0,142.2,7.0,17.6,1026.8,367.0
2021-11-07,274.151,5.9,4.5,7.7,3.0,0.0,231.3,22.1,52.2,1016.8,30.0
2021-12-07,481.977,0.4,-1.2,2.6,0.0,0.0,205.5,12.9,34.6,1009.5,0.0
2021-07-13,252.273,19.8,15.4,25.6,15.9,0.0,109.9,7.3,37.4,1007.9,162.0
2021-07-14,287.492,17.5,15.2,20.4,4.8,0.0,224.6,14.2,36.4,1009.4,289.0
2021-07-15,316.492,17.1,12.3,21.8,0.0,0.0,110.8,5.1,27.0,1012.9,318.0
2021-07-16,321.891,18.8,14.0,23.2,0.0,0.0,299.4,9.3,33.1,1018.1,355.0
2021-07-17,317.639,19.7,16.2,24.5,13.8,0.0,318.0,14.6,36.7,1020.8,306.0
2021-07-18,503.574,18.5,12.7,24.2,0.0,0.0,320.9,10.3,34.9,1020.7,815.0
2021-07-19,434.599,17.5,14.7,21.2,0.0,0.0,327.3,10.1,31.7,1019.8,379.0
2021-07-20,370.532,16.1,13.9,18.6,0.0,0.0,325.8,7.6,42.1,1020.3,239.0
2021-07-21,343.22,16.4,10.8,20.7,0.0,0.0,341.0,5.1,21.2,1022.9,79.0
2021-07-22,420.732,18.1,12.7,21.7,0.0,0.0,19.2,4.8,23.8,1021.6,470.0
2021-07-23,477.005,18.8,14.0,23.2,0.0,0.0,39.2,4.2,24.5,1017.0,700.0
2021-07-24,329.701,20.2,12.2,27.5,0.1,0.0,119.2,8.0,36.0,1011.7,438.0
2021-07-25,319.757,20.5,14.9,24.7,0.4,0.0,204.9,5.3,65.5,1009.9,394.0
2021-07-26,341.663,20.5,16.2,24.7,0.1,0.0,222.8,8.8,69.1,1011.7,385.0
2021-07-27,382.822,19.8,15.9,23.6,0.0,0.0,229.3,12.1,33.1,1013.1,483.0
2021-07-28,307.455,18.8,16.0,22.2,7.9,0.0,220.3,13.5,47.5,1012.4,312.0
2021-07-29,427.839,17.6,14.4,20.5,0.0,0.0,239.6,17.1,53.6,1012.7,387.0
2021-07-30,503.414,18.9,13.2,24.8,0.0,0.0,221.6,11.6,35.3,1010.2,845.0
2021-07-31,368.747,18.2,15.0,21.4,0.0,0.0,243.1,18.1,55.4,1008.6,561.0
2021-01-08,268.777,-0.3,-1.8,0.7,0.5,70.0,259.8,11.7,23.8,1013.6,0.0
2021-02-08,273.344,-10.0,-11.6,-8.2,11.3,300.0,57.4,13.6,31.3,1002.9,6.0
2021-03-08,292.023,0.8,-1.3,2.9,0.1,0.0,325.0,8.3,23.0,1022.4,188.0
2021-04-08,275.315,1.5,-1.1,3.8,0.1,10.0,259.7,17.8,41.0,1022.9,179.0
2021-05-08,293.582,8.7,2.8,13.4,0.0,0.0,210.1,13.7,36.0,1017.8,545.0
2021-06-08,331.768,17.1,12.3,21.9,32.5,0.0,2.1,4.1,23.4,1022.1,164.0
2021-07-08,278.0,16.8,13.9,21.1,1.0,0.0,101.2,7.0,25.2,1019.9,47.0
2021-08-08,382.883,16.4,13.6,19.4,2.2,0.0,228.5,18.0,67.0,1010.6,424.0
2021-09-08,352.922,16.9,10.5,23.6,0.0,0.0,120.9,8.4,23.0,1019.7,703.0
2021-10-08,310.517,9.7,5.7,13.9,0.0,0.0,61.8,8.2,24.1,1030.8,66.0
2021-11-08,425.031,6.4,5.1,8.1,0.0,0.0,254.6,15.1,32.0,1022.1,5.0
2021-12-08,391.537,1.4,-0.6,3.1,0.8,0.0,183.3,12.3,45.7,1002.2,0.0
2021-08-13,421.972,21.0,13.7,26.6,10.1,0.0,245.8,8.1,50.8,1020.5,658.0
2021-08-14,493.385,20.5,13.5,26.6,0.1,0.0,249.5,9.1,37.4,1020.5,809.0
2021-08-15,451.239,20.0,13.7,26.2,0.0,0.0,258.9,6.4,25.2,1015.1,663.0
2021-08-16,362.023,17.6,12.2,20.7,5.6,0.0,249.9,19.8,65.5,1010.4,347.0
2021-08-17,286.365,13.5,10.9,17.3,0.8,0.0,259.6,23.1,55.1,1016.0,169.0
2021-08-18,218.023,15.4,11.3,19.6,0.4,0.0,252.7,17.9,41.8,1015.0,37.0
2021-08-19,169.667,17.5,14.2,20.8,0.1,0.0,247.6,17.0,41.4,1013.9,0.0
2021-08-20,272.71,17.4,13.9,21.5,0.7,0.0,257.3,10.8,31.3,1016.6,185.0
2021-08-21,321.914,18.3,12.4,23.4,0.0,0.0,204.4,4.6,22.7,1018.7,280.0
2021-08-22,177.295,17.6,14.6,21.4,4.2,0.0,230.2,10.5,52.6,1016.1,49.0
2021-08-23,42.464,15.0,13.4,17.5,11.6,0.0,327.2,10.9,38.5,1020.2,0.0
2021-08-24,280.265,13.8,9.8,18.0,0.0,0.0,32.2,11.7,28.4,1025.9,289.0
2021-08-25,401.856,14.7,7.8,20.2,0.0,0.0,290.4,8.1,33.1,1021.1,477.0
2021-08-26,191.634,14.3,11.5,18.1,15.7,0.0,300.3,15.1,51.5,1011.7,106.0
2021-08-27,169.964,12.4,10.3,15.6,4.7,0.0,294.1,14.9,41.4,1013.3,26.0
2021-08-28,247.592,13.2,9.9,16.8,0.5,0.0,314.2,8.7,23.8,1016.4,221.0
2021-08-29,118.764,13.4,12.0,15.0,16.0,0.0,317.1,7.0,24.5,1015.6,0.0
2021-08-30,118.762,13.7,12.1,14.8,33.9,0.0,354.6,14.1,37.8,1015.7,0.0
2021-08-31,224.371,14.7,11.9,19.0,2.0,0.0,334.5,13.3,35.3,1021.2,255.0
2021-01-09,326.277,-1.4,-2.2,-0.3,0.0,60.0,284.0,9.5,27.7,1022.2,0.0
2021-02-09,374.599,-12.5,-16.7,-11.2,0.0,320.0,38.2,5.9,14.0,1007.5,382.0
2021-03-09,436.089,1.2,-2.0,4.2,0.9,0.0,198.5,6.2,21.6,1019.5,186.0
2021-04-09,445.228,5.5,0.1,11.9,0.0,0.0,214.4,16.6,47.9,1016.9,336.0
2021-05-09,263.439,17.0,9.7,24.9,0.0,0.0,184.3,16.9,44.6,1009.6,765.0
2021-06-09,360.629,17.5,13.3,21.1,18.6,0.0,25.8,4.3,26.6,1021.4,385.0
2021-07-09,324.534,15.3,13.8,16.7,28.3,0.0,306.2,12.8,53.3,1018.6,0.0
2021-08-09,413.071,16.3,12.1,20.7,0.0,0.0,218.9,15.0,39.2,1017.9,359.0
2021-09-09,378.574,19.1,12.2,25.5,0.0,0.0,201.6,8.5,33.8,1013.3,680.0
2021-10-09,301.656,6.3,3.0,12.6,0.0,0.0,86.1,7.9,23.0,1031.0,365.0
2021-11-09,263.455,6.2,1.7,10.6,0.0,0.0,178.8,7.0,23.4,1028.0,391.0
2021-12-09,274.694,1.5,0.1,2.6,2.6,0.0,266.1,10.5,28.8,1004.9,0.0
2021-09-13,332.844,16.0,11.6,20.3,0.0,0.0,317.8,5.7,16.2,1018.5,445.0
2021-09-14,341.024,17.0,10.6,23.9,0.0,0.0,135.7,6.3,28.1,1016.6,562.0
2021-09-15,81.087,18.6,16.2,21.4,1.2,0.0,204.2,11.2,31.7,1012.7,3.0
2021-09-16,183.58,16.2,13.4,18.2,2.3,0.0,282.4,12.4,31.7,1014.4,82.0
2021-09-17,118.035,14.5,11.3,18.4,0.0,0.0,286.0,12.3,28.8,1015.5,38.0
2021-09-18,189.793,13.7,11.1,16.7,0.0,0.0,328.6,7.7,25.2,1016.7,107.0
2021-09-19,130.93,11.9,10.2,13.5,0.1,0.0,69.8,11.4,28.1,1017.1,0.0
2021-09-20,117.165,9.8,6.7,12.5,0.0,0.0,82.4,5.8,20.5,1021.0,0.0
2021-09-21,185.006,10.4,5.8,14.7,0.0,0.0,296.1,5.8,23.8,1027.9,89.0
2021-09-22,279.303,12.8,10.2,17.0,0.0,0.0,288.6,11.6,28.4,1027.5,341.0
2021-09-23,371.717,15.1,10.9,20.2,0.0,0.0,243.7,18.9,55.8,1018.5,535.0
2021-09-24,149.439,15.8,13.2,18.8,0.3,0.0,261.2,17.3,46.1,1015.9,43.0
2021-09-25,373.713,16.0,12.6,21.4,0.0,0.0,230.9,9.0,25.9,1017.0,632.0
2021-09-26,299.901,17.7,10.8,24.0,1.4,0.0,207.0,7.4,26.3,1016.8,397.0
2021-09-27,246.048,17.5,14.9,21.2,3.2,0.0,225.3,9.8,31.3,1017.0,223.0
2021-09-28,233.6,14.1,10.5,16.4,2.0,0.0,286.0,9.6,41.0,1022.1,222.0
2021-09-29,173.968,12.4,9.1,18.0,0.2,0.0,208.9,13.9,61.2,1018.5,182.0
2021-09-30,278.326,10.0,6.9,13.7,0.0,0.0,233.9,16.2,43.6,1025.9,540.0
2021-01-10,311.208,-3.4,-8.3,0.6,0.0,70.0,239.1,5.8,20.2,1025.3,409.0
2021-02-10,322.774,-14.1,-19.1,-10.4,0.0,320.0,145.4,6.0,15.8,1012.9,144.0
2021-03-10,108.239,3.2,1.1,6.9,0.0,0.0,234.7,8.0,34.6,1018.4,82.0
2021-04-10,85.234,7.2,4.7,9.3,3.9,0.0,278.1,6.3,22.3,1013.6,0.0
2021-05-10,81.07,18.3,12.6,24.1,0.0,0.0,230.3,13.0,49.3,1007.1,504.0
2021-06-10,219.59,18.5,13.8,22.4,3.3,0.0,293.6,6.3,36.7,1020.4,684.0
2021-07-10,304.411,17.5,12.8,21.5,0.0,0.0,239.2,7.7,25.9,1018.1,538.0
2021-08-10,99.831,17.1,13.5,21.5,7.0,0.0,233.3,12.0,42.5,1017.8,322.0
2021-09-10,219.054,19.8,16.9,23.9,0.6,0.0,224.1,10.2,38.2,1014.4,408.0
2021-10-10,312.214,6.3,2.4,12.3,0.0,0.0,137.2,4.4,16.6,1027.9,562.0
2021-11-10,81.507,3.0,-0.8,8.6,0.0,0.0,214.6,4.2,16.2,1025.7,379.0
2021-12-10,109.104,0.2,-4.1,3.3,0.0,0.0,158.2,8.5,31.0,999.1,225.0
2021-10-13,260.842,6.9,4.5,10.2,0.2,0.0,286.5,11.7,29.9,1023.1,369.0
2021-10-14,68.041,9.1,6.5,11.0,2.9,0.0,249.2,16.8,40.3,1023.6,0.0
2021-10-15,83.075,9.0,5.3,13.0,0.7,0.0,249.0,16.0,45.0,1017.8,63.0
2021-10-16,250.898,6.8,3.1,11.4,0.0,0.0,263.1,6.2,17.6,1022.1,444.0
2021-10-17,230.218,7.3,2.1,12.8,0.0,0.0,216.8,5.7,17.3,1021.5,212.0
2021-10-18,271.258,8.9,2.7,14.4,0.0,0.0,217.2,8.1,24.1,1024.3,476.0
2021-10-19,87.616,11.7,9.3,13.8,0.0,0.0,214.1,19.3,52.6,1020.7,46.0
2021-10-20,185.053,14.8,12.6,17.2,0.7,0.0,214.6,26.9,54.4,1010.0,180.0
2021-10-21,210.808,11.2,5.6,15.5,10.6,0.0,235.7,34.0,109.1,1001.3,179.0
2021-10-22,224.221,6.7,3.9,9.7,1.5,0.0,253.1,25.3,63.0,1015.0,309.0
2021-10-23,175.26,6.1,2.1,9.7,0.3,0.0,259.8,12.9,31.3,1026.7,292.0
2021-10-24,292.919,5.7,0.2,13.1,0.0,0.0,163.4,8.0,26.6,1027.6,553.0
2021-10-25,192.229,7.7,2.4,12.7,0.0,0.0,203.1,10.2,27.4,1021.0,398.0
2021-10-26,149.402,9.8,8.2,12.7,0.0,0.0,231.9,16.1,42.1,1021.4,169.0
2021-10-27,68.96,9.6,7.3,12.6,0.0,0.0,221.2,13.6,30.6,1024.8,0.0
2021-10-28,267.365,8.5,4.0,14.9,0.0,0.0,187.2,7.4,31.7,1021.0,537.0
2021-10-29,250.342,9.6,5.9,15.1,0.0,0.0,193.8,8.9,28.8,1013.8,484.0
2021-10-30,139.869,10.7,7.3,15.9,0.0,0.0,189.0,14.7,46.4,1008.9,253.0
2021-10-31,186.86,13.2,10.6,17.4,0.0,0.0,186.2,17.4,43.9,1007.6,293.0
2021-01-11,43.43,-2.6,-4.8,-0.4,0.0,70.0,224.2,19.6,54.4,1020.6,130.0
2021-02-11,65.741,-8.8,-12.6,-5.5,0.0,300.0,312.0,8.6,22.7,1027.9,102.0
2021-03-11,79.861,6.7,3.9,10.1,3.1,0.0,222.0,28.5,70.2,1003.3,72.0
2021-04-11,15.77,10.0,3.0,16.3,5.5,0.0,219.9,17.2,48.6,1010.5,250.0
2021-05-11,70.805,15.0,11.8,19.1,0.2,0.0,305.7,9.9,28.4,1007.3,116.0
2021-06-11,233.821,19.4,14.2,23.6,0.0,0.0,281.0,7.5,21.2,1018.6,730.0
2021-07-11,82.51,17.4,13.6,20.2,0.1,0.0,248.7,5.5,23.0,1015.8,84.0
2021-08-11,54.03,17.7,12.0,22.3,1.2,0.0,270.0,8.2,32.0,1019.7,615.0
2021-09-11,207.884,18.1,15.4,22.0,0.6,0.0,239.1,10.7,40.7,1016.8,371.0
2021-10-11,168.373,8.3,5.6,11.9,0.0,0.0,263.6,12.9,29.9,1024.3,105.0
2021-11-11,185.07,2.9,-0.3,8.4,0.0,0.0,264.4,4.8,15.8,1025.0,484.0
2021-12-11,55.056,-1.1,-4.2,2.4,0.0,0.0,258.7,8.5,19.4,1013.7,85.0
2021-11-13,54.539,5.5,3.7,7.6,0.0,0.0,203.5,13.1,28.1,1014.9,12.0
2021-11-14,28.002,5.8,3.0,8.8,0.0,0.0,64.2,8.1,30.2,1022.8,0.0
2021-11-15,21.301,4.4,2.6,5.7,1.0,0.0,65.2,12.1,25.6,1026.8,0.0
2021-11-16,16.109,3.5,1.8,5.0,0.0,0.0,58.9,4.7,17.6,1023.3,0.0
2021-11-17,50.763,5.0,4.2,6.2,0.0,0.0,246.1,13.2,33.8,1022.0,30.0
2021-11-18,109.282,6.3,5.1,7.6,0.0,0.0,247.5,18.8,43.6,1027.8,86.0
2021-11-19,38.06,8.3,7.4,9.0,0.0,0.0,249.5,19.4,45.4,1028.3,0.0
2021-11-20,33.667,7.5,4.5,8.8,0.0,0.0,249.5,14.6,30.6,1024.4,0.0
2021-11-21,31.824,5.9,4.1,7.2,0.1,0.0,254.0,12.2,29.5,1012.7,0.0
2021-11-22,51.436,2.3,-2.8,5.0,0.9,0.0,4.8,11.0,32.8,1023.3,106.0
2021-11-23,55.782,2.0,-2.4,4.6,0.1,0.0,248.7,9.8,25.2,1029.3,1.0
2021-11-24,29.595,2.8,-1.9,5.5,0.0,0.0,178.7,5.9,19.4,1023.4,0.0
2021-11-25,16.622,0.1,-3.8,2.9,0.0,0.0,247.6,9.2,29.2,1011.4,0.0
2021-11-26,119.171,1.5,0.8,2.1,0.0,0.0,225.3,15.2,47.2,1000.4,107.0
2021-11-27,63.479,1.4,-0.5,3.9,0.0,0.0,199.2,14.3,40.7,991.8,8.0
2021-11-28,80.575,-0.5,-2.7,2.0,0.1,0.0,245.5,9.6,24.5,997.6,144.0
2021-11-29,31.614,0.1,-1.6,0.7,0.8,0.0,277.7,14.7,34.6,1005.4,10.0
2021-11-30,21.18,2.9,-0.2,5.9,5.1,0.0,256.2,26.4,68.0,1005.9,0.0
2021-01-12,32.673,0.8,-1.7,2.2,0.6,60.0,245.3,26.5,53.3,1008.2,0.0
2021-02-12,29.444,-10.6,-12.9,-8.1,0.1,280.0,111.1,5.8,23.0,1035.8,62.0
2021-03-12,31.332,5.4,3.3,7.7,3.6,0.0,240.0,28.2,72.0,1006.0,325.0
2021-04-12,85.181,2.9,0.7,6.0,5.6,10.0,303.7,12.0,31.7,1024.0,108.0
2021-05-12,94.354,11.5,9.9,12.5,12.0,0.0,290.1,13.7,32.4,1010.0,0.0
2021-06-12,10.463,18.2,15.0,21.8,0.0,0.0,280.4,16.4,49.7,1018.0,347.0
2021-07-12,20.656,19.3,13.8,25.1,0.0,0.0,205.3,6.3,23.8,1012.8,617.0
2021-08-12,29.783,19.3,12.0,25.8,0.0,0.0,205.0,6.8,22.0,1020.7,565.0
2021-09-12,39.851,16.7,13.4,19.7,0.4,0.0,270.3,8.2,27.7,1017.8,366.0
2021-10-12,137.785,7.4,4.6,9.1,1.8,0.0,276.2,15.3,43.2,1019.0,107.0
2021-11-12,96.264,3.0,-0.7,8.6,0.0,0.0,177.5,4.7,18.4,1020.6,0.0
2021-12-12,25.345,2.7,0.1,5.7,0.3,0.0,231.6,18.8,41.4,1024.3,0.0
2021-12-13,20.54,6.0,4.3,7.9,0.0,0.0,247.3,12.9,27.4,1027.7,0.0
2021-12-14,15.534,4.6,3.5,5.4,0.0,0.0,244.2,10.8,22.3,1028.6,0.0
2021-12-15,55.928,6.2,5.2,7.5,0.0,0.0,240.3,13.3,27.7,1031.4,14.0
2021-12-16,17.743,6.4,5.2,7.6,0.0,0.0,281.3,11.1,24.1,1036.2,2.0
2021-12-17,42.958,4.5,2.7,6.0,0.0,0.0,290.9,8.0,20.2,1039.4,71.0
2021-12-18,18.505,5.1,3.1,6.3,0.0,0.0,280.0,10.5,32.4,1037.1,0.0
2021-12-19,21.072,4.5,3.8,5.0,0.0,0.0,287.2,19.8,45.4,1027.7,0.0
2021-12-20,163.352,-0.4,-4.1,2.6,0.0,0.0,290.0,7.7,23.8,1027.2,385.0
2021-12-21,128.275,-3.2,-5.2,0.5,0.0,0.0,231.9,3.9,12.2,1027.5,320.0
2021-12-22,52.923,-4.2,-8.1,0.4,0.0,0.0,180.6,4.9,15.5,1027.0,191.0
2021-12-23,29.926,0.1,-4.0,4.7,0.6,0.0,215.1,16.3,49.7,1013.8,0.0
2021-12-24,35.946,4.6,0.1,5.5,3.1,0.0,249.2,25.1,63.4,1003.9,3.0
2021-12-25,0.454,-4.0,-7.6,-0.1,6.5,20.0,66.5,12.7,31.0,1011.5,0.0
2021-12-26,0.702,-3.6,-7.7,0.5,0.0,20.0,73.6,6.9,16.2,1011.4,0.0
2021-12-27,6.19,2.2,-0.2,4.5,2.8,20.0,165.2,10.5,30.2,1004.7,135.0
2021-12-28,59.979,5.0,3.7,6.7,0.4,0.0,200.4,18.4,48.2,998.0,10.0
2021-12-29,26.374,5.8,3.5,7.3,1.6,0.0,243.9,15.2,38.5,1005.4,0.0
2021-12-30,32.649,10.7,7.8,13.3,0.1,0.0,244.6,23.2,52.9,1014.8,10.0
2021-12-31,119.15,10.7,9.8,11.7,0.0,0.0,237.8,22.5,68.0,1019.3,208.0
