Datum,Produktion,Verbrauch,Netzeinspeisung,Netzbezug
2014-10-17,4.382,9.484,4.333,8.548
2014-10-18,2.627,6.512,0.074,4.232
2014-10-19,6.996,8.706,1.379,4.245
2014-10-20,2.26,6.012,0.08,4.204
2014-10-21,0.569,9.723,0.006,9.203
2014-10-22,3.683,7.445,0.102,4.481
2014-10-23,3.437,10.17,0.062,7.316
2014-10-24,2.531,8.235,0.18,6.263
2014-10-25,0.978,14.777,0.008,13.859
2014-10-26,3.387,8.19,0.068,5.555
2014-10-27,7.964,8.317,0.943,2.564
2014-10-28,10.532,5.724,3.729,1.326
2014-10-29,0.126,8.242,0.001,7.402
2014-10-30,2.91,11.155,0.036,8.817
2014-10-31,3.794,8.947,0.071,5.867
2014-01-11,7.742,3.573,2.2,1.694
2014-02-11,4.339,2.51,1.201,0.064
2014-03-11,4.552,2.675,0.909,0.088
2014-04-11,1.879,2.814,0.047,0.083
2014-05-11,0.479,3.522,0.035,2.765
2014-06-11,4.385,3.402,0.043,1.449
2014-07-11,9.475,3.15,3.953,0.031
2014-08-11,4.219,13.491,0.085,8.115
2014-09-11,7.651,10.901,0.316,5.362
2014-10-11,1.853,8.063,0.065,6.228
2014-11-11,6.182,8.032,0.249,4.355
2014-12-11,0.065,7.41,0.001,6.448
2014-11-13,0.484,7.1,0.033,6.718
2014-11-14,0.505,7.082,0.004,6.647
2014-11-15,0.205,8.764,0.0,8.622
2014-11-16,0.061,12.76,0.0,12.743
2014-11-17,6.175,6.418,0.179,2.163
2014-11-18,0.531,9.399,0.006,8.547
2014-11-19,0.231,9.541,0.0,9.353
2014-11-20,1.823,14.357,0.013,12.744
2014-11-21,1.507,11.874,0.025,10.586
2014-11-22,0.649,6.154,0.016,5.593
2014-11-23,1.852,8.38,0.018,6.709
2014-11-24,6.404,7.408,0.071,2.361
2014-11-25,2.887,10.785,0.04,8.352
2014-11-26,3.491,9.148,0.086,6.427
2014-11-27,3.47,6.381,0.034,3.574
2014-11-28,0.39,9.146,0.001,8.737
2014-11-29,0.21,12.567,0.0,12.426
2014-11-30,0.141,11.369,0.0,11.285
2014-01-12,1.381,8.363,0.024,7.281
2014-02-12,0.312,9.31,0.0,8.999
2014-03-12,0.118,9.024,0.0,8.96
2014-04-12,0.167,13.655,0.0,13.546
2014-05-12,0.212,9.08,0.006,8.933
2014-06-12,3.189,13.969,0.055,11.516
2014-07-12,0.731,7.935,0.017,7.257
2014-08-12,4.236,8.056,0.047,4.691
2014-09-12,0.135,9.347,0.0,9.202
2014-10-12,1.356,9.589,0.03,8.506
2014-11-12,0.614,6.714,0.009,6.226
2014-12-12,0.046,8.902,0.0,8.892
2014-12-13,0.675,14.374,0.006,13.825
2014-12-14,2.698,11.446,0.027,9.263
2014-12-15,0.062,9.381,0.0,9.332
2014-12-16,0.614,9.836,0.011,9.292
2014-12-17,0.116,12.419,0.0,12.357
2014-12-18,0.034,12.739,0.0,12.73
2014-12-19,0.623,8.162,0.019,7.697
2014-12-20,0.69,6.462,0.014,5.952
2014-12-21,0.286,8.464,0.015,8.2
2014-12-22,0.002,13.274,0.0,13.265
2014-12-23,0.061,13.452,0.0,13.432
2014-12-24,1.166,8.299,0.037,7.373
2014-12-25,1.183,8.019,0.049,6.968
2014-12-26,4.193,13.763,0.047,10.037
2014-12-27,1.358,9.034,0.024,7.755
2014-12-28,6.666,9.787,0.041,3.642
2014-12-29,2.544,9.856,0.028,7.288
2014-12-30,1.291,13.641,0.028,12.554
2014-12-31,0.122,7.469,0.0,7.345
2015-01-01,1.997,8.39,0.021,6.603
2015-02-01,2.442,10.572,0.053,8.385
2015-03-01,0.104,14.179,0.0,14.069
2015-04-01,5.498,7.77,0.072,3.007
2015-05-01,0.028,10.256,0.0,10.22
2015-06-01,0.216,12.244,0.0,12.076
2015-07-01,4.523,8.318,0.135,4.406
2015-08-01,0.013,7.391,0.0,7.373
2015-09-01,0.031,9.903,0.0,9.888
2015-10-01,0.16,17.039,0.0,16.942
2015-11-01,1.017,8.202,0.029,7.37
2015-12-01,0.024,7.361,0.0,7.348
2015-01-13,0.049,6.263,0.0,6.252
2015-01-14,0.692,8.661,0.026,8.117
2015-01-15,0.192,10.381,0.0,10.237
2015-01-16,4.558,8.056,0.048,4.174
2015-01-17,7.463,7.687,1.532,2.975
2015-01-18,0.282,10.957,0.01,10.278
2015-01-19,0.956,8.316,0.027,7.489
2015-01-20,1.15,11.522,0.005,10.414
2015-01-21,1.419,9.7,0.019,8.461
2015-01-22,0.708,8.787,0.014,8.1
2015-01-23,0.799,8.117,0.026,7.402
2015-01-24,0.008,10.845,0.0,10.831
2015-01-25,0.753,14.96,0.007,14.353
2015-01-26,0.1,8.202,0.0,8.151
2015-01-27,4.911,10.022,0.179,5.916
2015-01-28,0.133,8.935,0.0,8.814
2015-01-29,0.888,9.452,0.009,8.678
2015-01-30,0.394,9.045,0.005,8.647
2015-01-31,1.415,11.978,0.026,10.737
2015-01-02,0.393,12.455,0.006,12.083
2015-02-02,3.008,11.276,0.12,8.693
2015-03-02,1.419,7.817,0.031,6.502
2015-04-02,4.021,8.672,0.166,5.238
2015-05-02,3.013,8.909,0.178,6.375
2015-06-02,8.298,10.12,1.387,3.686
2015-07-02,0.9,8.077,0.014,7.204
2015-08-02,11.032,17.29,0.097,7.362
2015-09-02,1.563,7.698,0.027,6.258
2015-10-02,1.009,7.315,0.02,6.412
2015-11-02,0.648,8.119,0.0,7.513
2015-12-02,0.212,10.811,0.0,10.663
2015-02-13,5.898,7.764,0.194,3.186
2015-02-14,7.145,14.794,0.078,7.971
2015-02-15,3.035,10.465,0.066,7.791
2015-02-16,2.209,10.84,0.023,8.813
2015-02-17,2.673,11.072,0.017,8.634
2015-02-18,8.494,7.785,2.041,3.45
2015-02-19,11.149,6.249,4.753,1.218
2015-02-20,0.806,9.625,0.007,7.779
2015-02-21,0.767,13.174,0.012,12.5
2015-02-22,8.373,8.904,2.158,3.521
2015-02-23,0.382,9.01,0.007,8.636
2015-02-24,2.538,9.876,0.041,7.676
2015-02-25,6.589,9.813,0.359,3.863
2015-02-26,8.659,7.871,2.118,3.353
2015-02-27,2.461,7.208,0.081,4.134
2015-02-28,11.339,9.336,2.947,2.579
2015-01-03,3.557,14.939,0.124,11.257
2015-02-03,9.56,6.996,3.155,2.318
2015-03-03,3.703,6.325,0.317,2.603
2015-04-03,4.838,8.15,0.488,4.201
2015-05-03,4.514,8.208,0.052,4.181
2015-06-03,2.85,6.939,0.046,4.344
2015-07-03,6.193,10.451,0.236,4.914
2015-08-03,14.618,10.593,4.223,2.467
2015-09-03,11.29,5.92,5.326,1.071
2015-10-03,10.474,10.433,3.502,5.272
2015-11-03,12.738,6.647,5.52,0.479
2015-12-03,13.433,7.945,5.742,1.523
2015-03-13,4.921,6.814,0.435,1.704
2015-03-14,1.324,10.65,0.018,9.477
2015-03-15,1.308,7.913,0.023,6.678
2015-03-16,5.394,9.942,0.12,5.038
2015-03-17,11.055,8.188,1.58,1.765
2015-03-18,11.105,5.074,5.508,0.114
2015-03-19,14.643,5.966,7.65,0.838
2015-03-20,3.121,7.832,0.096,3.443
2015-03-21,2.523,9.174,0.063,6.825
2015-03-22,16.503,13.627,5.114,5.093
2015-03-23,12.792,6.193,5.088,0.435
2015-03-24,7.773,8.802,0.144,0.607
2015-03-25,6.873,8.398,0.093,2.582
2015-03-26,3.591,7.823,0.063,4.111
2015-03-27,5.151,5.041,0.122,1.351
2015-03-28,7.694,5.08,1.775,2.236
2015-03-29,1.977,2.825,0.101,0.103
2015-03-30,6.464,3.502,3.25,0.995
2015-03-31,2.094,5.91,0.589,3.225
2015-01-04,8.942,6.328,1.869,2.401
2015-02-04,9.275,9.287,1.441,1.326
2015-03-04,13.341,9.829,3.617,1.246
2015-04-04,11.569,6.947,4.462,1.177
2015-05-04,14.54,9.127,5.627,1.459
2015-06-04,16.719,6.26,8.548,0.523
2015-07-04,4.307,7.232,0.071,1.448
2015-08-04,11.516,6.788,4.372,2.08
2015-09-04,17.049,9.061,7.281,1.042
2015-10-04,13.683,8.231,4.733,0.541
2015-11-04,8.585,8.724,1.365,1.512
2015-12-04,13.792,5.741,5.958,0.906
2015-04-13,11.287,5.194,5.255,0.257
2015-04-14,4.222,4.196,0.113,0.183
2015-04-15,16.508,5.91,8.743,0.101
2015-04-16,13.232,4.994,7.265,0.098
2015-04-17,11.002,5.943,4.718,0.202
2015-04-18,16.577,12.022,3.574,1.328
2015-04-19,16.252,7.128,8.015,0.68
2015-04-20,16.3,6.158,9.22,0.118
2015-04-21,14.991,5.687,8.529,0.153
2015-04-22,15.673,5.745,8.581,0.145
2015-04-23,14.664,4.349,8.871,0.089
2015-04-24,15.201,5.955,7.925,0.091
2015-04-25,4.121,11.01,0.126,5.072
2015-04-26,3.857,8.404,0.253,5.025
2015-04-27,11.56,6.276,4.916,2.169
2015-04-28,12.071,10.261,2.476,2.177
2015-04-29,12.445,4.892,6.171,0.105
2015-04-30,9.497,7.574,0.129,0.044
2015-01-05,10.998,11.666,0.97,1.539
2015-02-05,11.191,8.41,1.462,1.021
2015-03-05,9.359,7.741,4.379,1.647
2015-04-05,11.3,4.811,4.135,1.106
2015-05-05,8.712,6.431,1.783,0.551
2015-06-05,13.054,6.397,5.556,0.433
2015-07-05,9.031,5.878,3.527,0.691
2015-08-05,11.543,7.83,3.523,0.784
2015-09-05,5.756,11.135,0.492,5.303
2015-10-05,15.396,6.271,7.833,2.503
2015-11-05,15.461,4.044,9.916,0.068
2015-12-05,9.774,5.283,3.661,0.318
2015-05-13,14.765,3.887,9.552,0.152
2015-05-14,4.649,13.268,0.146,6.931
2015-05-15,16.287,7.769,6.409,1.071
2015-05-16,3.138,7.043,0.159,2.694
2015-05-17,9.013,6.759,1.731,2.193
2015-05-18,6.9,7.329,0.826,1.267
2015-05-19,10.42,5.457,3.173,0.415
2015-05-20,11.389,7.557,2.959,0.822
2015-05-21,12.061,6.721,4.424,0.557
2015-05-22,9.086,6.061,3.564,0.485
2015-05-23,13.966,9.723,3.27,1.058
2015-05-24,17.902,5.969,9.698,0.431
2015-05-25,9.258,6.792,3.921,1.026
2015-05-26,10.135,6.95,1.363,0.472
2015-05-27,10.042,6.239,4.069,0.885
2015-05-28,5.959,7.05,0.335,1.045
2015-05-29,10.26,4.613,2.663,0.59
2015-05-30,10.508,2.874,6.674,0.092
2015-05-31,5.873,10.083,0.877,3.088
2015-01-06,12.752,6.236,3.819,1.206
2015-02-06,3.196,4.322,0.109,0.167
2015-03-06,10.769,8.009,2.071,1.798
2015-04-06,17.683,7.695,8.718,0.57
2015-05-06,17.231,4.116,11.731,0.084
2015-06-06,15.184,10.539,4.756,1.374
2015-07-06,13.971,7.399,5.876,0.944
2015-08-06,13.595,4.014,7.977,0.101
2015-09-06,8.845,5.041,3.204,0.368
2015-10-06,15.842,6.672,9.304,0.394
2015-11-06,17.87,6.56,8.538,0.198
2015-12-06,15.775,6.585,8.101,0.379
2015-06-13,4.939,7.021,0.336,1.245
2015-06-14,4.771,6.878,0.109,2.341
2015-06-15,11.633,5.618,4.598,1.506
2015-06-16,11.412,8.756,4.181,3.067
2015-06-17,10.5,5.908,5.016,0.891
2015-06-18,5.285,3.436,0.147,0.257
2015-06-19,8.779,5.963,2.284,0.493
2015-06-20,8.151,8.066,0.556,0.985
2015-06-21,9.134,9.625,0.682,1.786
2015-06-22,6.194,4.239,0.567,0.192
2015-06-23,10.118,4.755,3.467,0.317
2015-06-24,6.061,4.446,1.804,0.587
2015-06-25,9.497,7.874,1.428,0.554
2015-06-26,7.97,3.936,2.719,0.121
2015-06-27,8.232,5.982,2.513,0.498
2015-06-28,12.565,7.154,4.687,0.547
2015-06-29,14.411,5.897,6.832,0.425
2015-06-30,16.186,5.417,9.629,0.269
2015-01-07,16.879,4.712,11.548,0.599
2015-02-07,17.005,4.316,10.737,0.103
2015-03-07,15.149,5.345,8.459,0.227
2015-04-07,14.227,5.467,7.795,0.538
2015-05-07,5.287,5.881,0.51,0.836
2015-06-07,13.274,3.812,6.978,0.166
2015-07-07,8.539,7.415,1.997,0.774
2015-08-07,8.416,3.827,2.457,0.177
2015-09-07,10.101,4.724,5.731,0.655
2015-10-07,13.058,6.447,5.49,0.697
2015-11-07,11.04,4.564,5.219,0.567
2015-12-07,3.189,7.349,0.171,2.214
2015-07-13,5.846,4.931,0.318,1.15
2015-07-14,8.515,4.553,2.897,0.698
2015-07-15,13.351,6.283,7.054,0.85
2015-07-16,11.026,9.068,1.224,1.191
2015-07-17,14.711,9.741,4.842,1.253
2015-07-18,14.473,6.798,6.159,0.863
2015-07-19,2.988,4.267,0.095,0.398
2015-07-20,13.938,5.594,7.055,1.347
2015-07-21,14.277,7.455,5.4,0.51
2015-07-22,14.67,4.824,8.647,0.237
2015-07-23,11.021,5.033,5.493,0.469
2015-07-24,12.853,7.801,5.027,0.574
2015-07-25,8.414,3.885,2.49,0.339
2015-07-26,10.967,5.03,5.814,0.423
2015-07-27,6.942,9.752,0.638,2.27
2015-07-28,6.29,6.354,0.439,1.689
2015-07-29,10.582,8.778,2.591,1.51
2015-07-30,9.873,7.709,2.317,1.635
2015-07-31,13.068,8.431,4.488,1.538
2015-01-08,15.223,5.884,7.438,0.419
2015-02-08,15.084,4.642,9.066,0.143
2015-03-08,16.372,7.042,8.123,0.606
2015-04-08,7.887,5.365,1.805,0.289
2015-05-08,14.908,5.761,7.834,0.602
2015-06-08,15.653,6.676,7.893,0.119
2015-07-08,5.502,6.476,0.308,1.116
2015-08-08,10.642,6.708,3.407,1.073
2015-09-08,15.672,3.602,9.691,0.488
2015-10-08,8.285,2.528,4.855,0.088
2015-11-08,10.809,2.617,6.955,0.102
2015-12-08,8.838,2.547,5.231,0.058
2015-08-13,15.269,2.622,11.225,0.079
2015-08-14,9.947,2.541,6.317,0.104
2015-08-15,7.623,2.661,4.211,0.292
2015-08-16,9.636,2.766,5.995,0.276
2015-08-17,1.776,2.465,0.077,0.113
2015-08-18,1.4,2.802,0.105,0.354
2015-08-19,0.0,3.21,0.0,3.202
2015-08-20,0.0,3.51,0.0,3.499
2015-08-21,0.0,3.521,0.0,3.505
2015-08-22,0.0,3.628,0.0,3.624
2015-08-23,15.298,3.123,8.756,1.022
2015-08-24,6.395,2.475,3.011,0.103
2015-08-25,9.18,2.616,5.456,0.169
2015-08-26,13.509,9.914,4.742,0.815
2015-08-27,2.591,9.206,0.06,6.068
2015-08-28,11.408,7.716,4.208,2.593
2015-08-29,12.885,3.666,6.432,0.632
2015-08-30,8.302,4.159,4.868,0.337
2015-08-31,13.066,5.556,5.858,0.571
2015-01-09,2.653,2.595,0.08,0.145
2015-02-09,11.089,5.067,5.056,0.691
2015-03-09,12.577,5.476,5.965,0.223
2015-04-09,4.372,6.175,0.142,0.852
2015-05-09,10.221,6.437,3.153,2.1
2015-06-09,8.477,8.316,1.154,2.897
2015-07-09,13.711,6.674,6.078,0.683
2015-08-09,10.291,3.697,5.411,0.295
2015-09-09,11.238,5.775,4.944,0.404
2015-10-09,11.611,3.82,6.397,0.131
2015-11-09,8.456,6.376,2.253,0.628
2015-12-09,10.822,4.168,4.39,0.314
2015-09-13,3.441,5.904,0.104,1.19
2015-09-14,2.497,7.919,0.078,5.254
2015-09-15,0.955,6.853,0.016,6.021
2015-09-16,0.922,6.288,0.03,5.522
2015-09-17,3.076,4.899,0.073,2.292
2015-09-18,10.873,6.511,2.799,1.985
2015-09-19,6.376,8.123,0.663,1.876
2015-09-20,9.188,11.071,1.511,4.001
2015-09-21,2.969,4.235,0.135,1.455
2015-09-22,3.738,8.296,0.071,5.087
2015-09-23,7.236,6.151,0.658,2.316
2015-09-24,5.475,4.493,0.291,0.175
2015-09-25,7.292,6.734,0.697,0.575
2015-09-26,8.887,10.342,0.76,2.323
2015-09-27,10.669,8.218,3.785,2.813
2015-09-28,9.574,5.14,3.341,0.891
2015-09-29,11.57,6.87,4.94,1.89
2015-09-30,13.564,5.55,7.031,0.156
2015-01-10,13.992,6.64,6.32,0.212
2015-02-10,13.354,6.151,6.857,0.482
2015-03-10,12.86,7.918,4.916,1.373
2015-04-10,11.009,8.385,3.119,1.494
2015-05-10,8.538,5.352,1.663,0.28
2015-06-10,1.434,8.523,0.077,5.668
2015-07-10,0.793,6.638,0.045,5.78
2015-08-10,0.008,4.742,0.0,4.735
2015-09-10,1.22,5.881,0.018,5.001
2015-10-10,13.625,8.59,4.356,2.113
2015-11-10,13.737,4.868,7.458,0.858
2015-12-10,10.876,6.471,3.572,0.138
2015-10-13,3.829,9.051,0.173,3.973
2015-10-14,0.249,6.63,0.005,6.414
2015-10-15,0.588,6.193,0.042,5.745
2015-10-16,0.139,5.262,0.0,5.202
2015-10-17,0.43,7.378,0.004,7.053
2015-10-18,0.438,6.547,0.004,6.198
2015-10-19,2.099,7.588,0.038,5.757
2015-10-20,4.194,4.23,0.234,2.012
2015-10-21,2.704,3.623,0.097,0.651
2015-10-22,0.609,7.888,0.0,7.314
2015-10-23,6.606,9.407,0.216,3.672
2015-10-24,1.457,4.015,0.059,2.813
2015-10-25,8.394,3.478,3.113,1.566
2015-10-26,9.788,3.079,5.254,0.091
2015-10-27,10.231,3.023,5.899,0.094
2015-10-28,1.369,3.164,0.133,0.154
2015-10-29,1.603,3.829,0.064,2.494
2015-10-30,4.949,4.072,0.237,1.937
2015-10-31,7.435,9.692,1.788,3.438
2015-01-11,8.16,12.549,0.202,5.302
2015-02-11,0.716,6.808,0.024,6.165
2015-03-11,1.236,6.266,0.069,5.349
2015-04-11,8.993,4.843,3.268,1.912
2015-05-11,1.826,6.796,0.086,3.724
2015-06-11,0.321,7.206,0.006,6.938
2015-07-11,1.028,14.204,0.013,13.42
2015-08-11,6.891,8.328,0.142,2.324
2015-09-11,1.587,6.146,0.045,4.782
2015-10-11,0.192,5.092,0.0,4.948
2015-11-11,0.177,6.397,0.003,6.311
2015-12-11,5.387,5.404,0.325,2.017
2015-11-13,4.421,6.676,0.179,2.4
2015-11-14,2.194,9.066,0.089,7.297
2015-11-15,0.089,12.919,0.0,12.844
2015-11-16,0.291,6.723,0.004,6.505
2015-11-17,0.375,4.582,0.012,4.317
2015-11-18,2.12,6.331,0.11,4.724
2015-11-19,1.156,6.392,0.047,5.422
2015-11-20,2.481,7.282,0.114,5.239
2015-11-21,0.466,4.956,0.018,4.627
2015-11-22,1.033,11.407,0.019,10.508
2015-11-23,6.228,11.238,0.11,5.784
2015-11-24,0.698,11.467,0.009,10.852
2015-11-25,0.219,7.254,0.0,7.12
2015-11-26,5.958,6.593,0.489,2.458
2015-11-27,3.038,6.584,0.094,3.721
2015-11-28,3.959,10.009,0.129,6.633
2015-11-29,0.141,7.067,0.0,6.948
2015-11-30,0.524,6.076,0.02,5.732
2015-01-12,1.942,9.837,0.044,8.175
2015-02-12,0.127,6.915,0.0,6.759
2015-03-12,2.43,5.743,0.058,3.72
2015-04-12,2.076,6.419,0.099,4.684
2015-05-12,0.839,10.429,0.005,9.709
2015-06-12,3.014,8.617,0.04,6.063
2015-07-12,0.047,7.247,0.0,7.193
2015-08-12,6.928,8.304,0.097,2.716
2015-09-12,4.392,5.88,0.141,2.249
2015-10-12,1.595,5.921,0.046,4.438
2015-11-12,0.046,10.26,0.0,10.246
2015-12-12,3.328,10.109,0.083,7.304
2015-12-13,6.031,8.503,0.123,3.368
2015-12-14,0.509,8.362,0.02,7.896
2015-12-15,0.262,10.23,0.0,10.054
2015-12-16,1.027,6.257,0.024,5.429
2015-12-17,0.22,5.199,0.0,5.064
2015-12-18,0.358,6.541,0.009,6.309
2015-12-19,0.32,7.731,0.001,7.478
2015-12-20,0.559,8.409,0.002,7.961
2015-12-21,1.613,6.908,0.077,5.616
2015-12-22,0.037,8.963,0.0,8.951
2015-12-23,2.927,8.708,0.1,6.285
2015-12-24,2.498,7.513,0.041,5.386
2015-12-25,5.286,10.183,0.075,5.647
2015-12-26,0.493,9.492,0.008,9.106
2015-12-27,0.141,9.18,0.0,9.052
2015-12-28,0.205,9.293,0.0,9.177
2015-12-29,0.511,15.539,0.0,15.129
2015-12-30,1.768,9.149,0.06,7.759
2015-12-31,0.091,5.697,0.0,5.677
2016-01-01,2.966,6.299,0.049,3.853
2016-02-01,0.033,6.935,0.0,6.921
2016-03-01,0.529,5.635,0.022,5.232
2016-04-01,1.086,18.19,0.003,17.243
2016-05-01,0.081,9.577,0.0,9.567
2016-06-01,0.079,10.096,0.0,10.085
2016-07-01,0.142,8.264,0.0,8.226
2016-08-01,0.048,9.145,0.0,9.137
2016-09-01,3.332,13.401,0.038,10.616
2016-10-01,1.168,6.247,0.021,5.276
2016-11-01,2.545,8.162,0.026,5.919
2016-12-01,0.916,5.962,0.021,5.206
2016-01-13,0.415,6.495,0.005,6.219
2016-01-14,0.828,10.54,0.012,9.808
2016-01-15,0.23,9.834,0.0,9.658
2016-01-16,0.129,8.647,0.0,8.613
2016-01-17,1.189,9.766,0.019,8.792
2016-01-18,1.457,6.609,0.025,5.365
2016-01-19,2.89,11.355,0.065,8.937
2016-01-20,3.418,8.002,0.231,5.264
2016-01-21,1.256,8.496,0.013,7.334
2016-01-22,8.171,8.018,2.088,3.508
2016-01-23,1.56,8.752,0.041,6.886
2016-01-24,1.016,11.342,0.009,10.446
2016-01-25,0.794,7.681,0.005,7.091
2016-01-26,3.034,9.644,0.078,6.89
2016-01-27,0.108,7.378,0.001,7.329
2016-01-28,6.097,7.986,0.414,3.518
2016-01-29,0.1,9.647,0.005,9.268
2016-01-30,0.184,11.198,0.003,11.097
2016-01-31,3.498,5.481,0.249,2.979
2016-01-02,0.172,7.335,0.0,7.138
2016-02-02,1.943,10.47,0.065,8.83
2016-03-02,5.049,5.457,0.324,2.182
2016-04-02,0.604,6.341,0.008,5.231
2016-05-02,0.263,7.55,0.0,7.364
2016-06-02,0.704,6.864,0.017,6.304
2016-07-02,2.072,9.109,0.057,7.379
2016-08-02,3.568,7.024,0.474,4.452
2016-09-02,2.153,14.791,0.025,12.829
2016-10-02,0.812,7.284,0.012,6.603
2016-11-02,3.924,5.028,0.302,2.15
2016-12-02,1.743,8.142,0.06,6.564
2016-02-13,5.344,8.624,0.218,4.164
2016-02-14,0.145,9.714,0.0,9.586
2016-02-15,1.823,8.944,0.12,7.516
2016-02-16,12.631,10.899,4.038,4.366
2016-02-17,11.585,5.76,5.261,1.575
2016-02-18,1.309,7.941,0.035,5.38
2016-02-19,1.896,10.952,0.069,9.32
2016-02-20,0.328,8.313,0.003,8.07
2016-02-21,0.965,6.916,0.032,6.123
2016-02-22,0.633,6.311,0.009,5.796
2016-02-23,7.689,11.282,1.223,7.218
2016-02-24,8.06,6.735,1.858,1.387
2016-02-25,3.818,8.271,0.347,4.227
2016-02-26,2.155,7.43,0.113,5.691
2016-02-27,6.422,12.92,0.13,7.237
2016-02-28,13.163,7.398,5.694,2.681
2016-02-29,9.091,8.455,0.968,1.826
2016-01-03,4.695,9.092,0.114,3.576
2016-02-03,2.746,8.774,0.106,6.423
2016-03-03,2.212,7.574,0.052,5.651
2016-04-03,5.382,9.122,0.087,4.545
2016-05-03,1.06,9.496,0.034,8.547
2016-06-03,3.775,13.793,0.056,10.502
2016-07-03,9.039,7.61,3.128,2.95
2016-08-03,5.827,6.423,0.237,2.103
2016-09-03,13.541,9.114,5.322,2.432
2016-10-03,4.09,9.174,0.126,4.813
2016-11-03,7.582,5.984,0.581,1.989
2016-12-03,11.814,7.866,3.757,0.951
2016-03-13,3.172,14.719,0.055,10.396
2016-03-14,6.514,7.373,0.243,2.154
2016-03-15,5.025,7.68,0.318,3.27
2016-03-16,14.869,6.93,7.603,2.261
2016-03-17,14.65,5.721,6.987,0.76
2016-03-18,2.267,3.925,0.136,0.296
2016-03-19,2.871,7.757,0.074,5.211
2016-03-20,8.934,7.975,1.494,3.624
2016-03-21,2.622,10.832,0.068,6.545
2016-03-22,5.569,3.726,0.649,1.536
2016-03-23,10.211,3.431,5.35,0.13
2016-03-24,7.297,3.901,2.408,0.117
2016-03-25,1.178,3.517,0.112,0.746
2016-03-26,13.771,4.373,7.099,1.508
2016-03-27,4.374,12.41,0.152,6.41
2016-03-28,3.603,9.947,0.112,6.687
2016-03-29,4.781,4.452,0.493,1.716
2016-03-30,6.404,5.978,0.687,1.759
2016-03-31,8.335,4.719,2.249,0.655
2016-01-04,15.973,7.078,7.887,0.313
2016-02-04,15.555,6.048,7.352,0.233
2016-03-04,9.127,5.075,3.641,0.169
2016-04-04,9.71,7.025,1.98,0.978
2016-05-04,1.987,7.247,0.128,3.486
2016-06-04,7.274,4.936,1.384,1.667
2016-07-04,7.111,5.681,1.337,0.565
2016-08-04,5.936,4.467,0.988,0.423
2016-09-04,10.757,10.81,2.024,2.081
2016-10-04,12.607,7.898,3.945,2.047
2016-11-04,12.045,6.305,4.482,0.19
2016-12-04,8.933,9.353,0.9,2.876
2016-04-13,4.403,4.981,0.157,0.199
2016-04-14,12.271,5.43,4.614,0.691
2016-04-15,2.649,3.936,0.136,0.393
2016-04-16,8.534,9.066,1.202,3.362
2016-04-17,11.122,9.367,2.825,2.196
2016-04-18,3.936,5.83,0.098,1.419
2016-04-19,8.814,10.533,1.292,4.543
2016-04-20,12.386,4.94,5.362,0.835
2016-04-21,16.182,6.355,8.651,0.238
2016-04-22,10.56,3.83,4.916,0.103
2016-04-23,12.692,10.733,2.772,1.019
2016-04-24,9.872,8.323,2.036,1.561
2016-04-25,2.967,9.213,0.059,5.572
2016-04-26,6.521,8.471,0.549,3.156
2016-04-27,6.707,9.437,0.676,4.172
2016-04-28,11.681,11.02,3.711,5.141
2016-04-29,5.568,6.742,0.204,1.412
2016-04-30,4.898,8.238,0.143,3.796
2016-01-05,15.748,9.158,5.584,2.406
2016-02-05,16.482,5.228,9.614,0.133
2016-03-05,8.813,5.404,2.943,0.362
2016-04-05,17.145,4.964,10.985,0.126
2016-05-05,17.681,7.371,9.611,0.653
2016-06-05,17.446,8.361,7.329,0.198
2016-07-05,17.97,10.31,7.185,0.882
2016-08-05,17.54,5.738,10.28,0.559
2016-09-05,17.209,6.729,10.534,0.742
2016-10-05,16.955,5.294,8.967,0.154
2016-11-05,14.338,4.873,8.198,0.2
2016-12-05,16.197,3.739,11.063,0.123
2016-05-13,16.658,5.214,9.783,0.147
2016-05-14,9.955,9.092,3.42,1.451
2016-05-15,11.251,7.358,3.384,1.764
2016-05-16,11.777,7.137,5.103,1.119
2016-05-17,8.589,6.711,0.444,0.837
2016-05-18,8.707,7.261,1.156,0.708
2016-05-19,13.218,4.128,7.608,0.16
2016-05-20,3.809,4.524,0.18,0.409
2016-05-21,13.448,8.697,3.397,1.069
2016-05-22,12.585,8.285,4.038,1.016
2016-05-23,11.357,5.111,4.593,0.127
2016-05-24,2.677,4.433,0.103,0.33
2016-05-25,3.65,5.781,0.123,2.635
2016-05-26,2.039,4.501,0.097,2.757
2016-05-27,10.196,4.987,2.955,1.717
2016-05-28,14.198,3.027,9.921,0.06
2016-05-29,3.297,9.842,0.182,4.458
2016-05-30,13.332,6.293,4.906,1.076
2016-05-31,12.881,4.212,6.88,0.192
2016-01-06,16.831,4.979,10.545,0.151
2016-02-06,10.282,4.736,4.574,0.242
2016-03-06,14.523,5.07,8.753,0.138
2016-04-06,16.795,7.488,8.844,0.868
2016-05-06,17.524,8.484,7.428,0.515
2016-06-06,15.374,5.501,8.798,0.463
2016-07-06,15.584,6.895,7.188,0.604
2016-08-06,10.432,5.439,4.535,0.585
2016-09-06,14.127,4.006,9.07,0.087
2016-10-06,15.992,5.893,9.036,0.174
2016-11-06,12.71,7.79,5.271,1.246
2016-12-06,6.491,5.268,0.19,0.407
2016-06-13,6.837,6.327,0.408,0.522
2016-06-14,7.274,4.539,1.557,0.223
2016-06-15,9.784,8.885,0.799,0.699
2016-06-16,11.082,6.79,3.593,0.458
2016-06-17,9.166,5.45,1.892,0.285
2016-06-18,12.338,4.967,7.136,0.491
2016-06-19,8.637,8.591,1.171,1.439
2016-06-20,9.667,4.849,3.374,0.138
2016-06-21,12.315,5.125,5.187,0.387
2016-06-22,13.127,6.94,6.93,0.719
2016-06-23,14.597,4.467,7.141,0.171
2016-06-24,8.259,7.343,4.051,1.168
2016-06-25,1.091,4.201,0.046,3.231
2016-06-26,12.858,4.981,5.399,1.588
2016-06-27,7.811,2.669,4.274,0.136
2016-06-28,11.619,2.689,7.529,0.125
2016-06-29,10.387,2.708,6.598,0.135
2016-06-30,7.939,2.59,4.457,0.102
2016-01-07,5.026,3.258,1.659,0.423
2016-02-07,9.149,2.895,5.192,0.097
2016-03-07,9.518,2.771,5.701,0.098
2016-04-07,12.279,2.809,7.825,0.121
2016-05-07,8.398,2.622,4.939,0.126
2016-06-07,11.515,6.209,5.794,0.384
2016-07-07,11.848,8.575,3.997,2.428
2016-08-07,4.886,7.745,0.171,2.065
2016-09-07,10.943,8.77,1.748,2.107
2016-10-07,12.624,7.25,4.936,0.685
2016-11-07,10.089,7.052,3.011,0.887
2016-12-07,9.942,6.796,2.86,0.69
2016-07-13,8.901,11.884,0.345,3.201
2016-07-14,7.204,9.028,0.277,2.716
2016-07-15,8.347,8.401,1.281,2.51
2016-07-16,3.857,8.488,0.087,4.423
2016-07-17,8.884,6.375,1.641,1.788
2016-07-18,13.303,6.751,6.204,0.299
2016-07-19,12.435,4.791,5.899,0.239
2016-07-20,16.813,5.52,9.843,0.258
2016-07-21,14.116,4.445,8.051,0.161
2016-07-22,7.616,6.709,1.745,0.636
2016-07-23,10.826,6.041,3.328,0.481
2016-07-24,8.352,7.591,1.355,0.661
2016-07-25,11.692,6.471,3.851,0.307
2016-07-26,11.759,5.727,5.101,0.329
2016-07-27,9.232,5.834,2.952,0.338
2016-07-28,12.475,5.534,5.489,0.188
2016-07-29,11.238,4.293,5.1,0.516
2016-07-30,10.361,2.762,6.3,0.082
2016-07-31,7.092,3.935,3.413,0.185
2016-01-08,7.306,6.716,1.3,1.047
2016-02-08,15.291,5.86,7.538,0.239
2016-03-08,2.526,6.066,0.136,2.544
2016-04-08,11.042,5.676,3.463,1.465
2016-05-08,10.185,4.739,3.746,0.24
2016-06-08,12.418,4.416,7.557,0.412
2016-07-08,9.936,6.424,4.644,1.313
2016-08-08,8.297,3.106,3.268,0.17
2016-09-08,10.604,4.773,4.514,0.322
2016-10-08,12.79,6.063,6.472,0.643
2016-11-08,2.656,5.778,0.12,1.905
2016-12-08,4.455,5.671,0.21,1.977
2016-08-13,4.484,5.31,0.223,1.551
2016-08-14,8.656,8.184,0.708,2.849
2016-08-15,9.615,7.225,1.658,0.854
2016-08-16,13.244,4.708,7.53,0.271
2016-08-17,14.382,5.938,7.26,0.268
2016-08-18,7.426,4.78,1.506,0.168
2016-08-19,12.591,6.731,5.064,0.326
2016-08-20,8.334,3.529,3.263,0.417
2016-08-21,9.932,8.36,1.856,0.917
2016-08-22,4.176,4.854,0.394,0.764
2016-08-23,8.327,7.749,2.396,4.046
2016-08-24,15.486,4.49,8.997,0.127
2016-08-25,15.716,3.92,10.442,0.151
2016-08-26,14.754,5.679,9.167,0.611
2016-08-27,14.221,6.835,6.991,0.549
2016-08-28,7.919,5.857,1.562,1.006
2016-08-29,9.36,4.901,3.03,0.387
2016-08-30,12.362,5.365,6.527,0.708
2016-08-31,15.244,6.929,7.168,0.229
2016-01-09,10.274,4.209,4.511,0.136
2016-02-09,7.077,6.024,1.096,0.351
2016-03-09,7.738,4.571,1.946,0.298
2016-04-09,3.905,7.012,0.225,2.488
2016-05-09,6.565,4.76,0.937,1.407
2016-06-09,13.989,4.786,8.093,0.904
2016-07-09,15.501,4.704,9.518,0.166
2016-08-09,14.479,5.51,7.911,0.19
2016-09-09,12.673,6.891,4.703,0.204
2016-10-09,13.448,7.272,5.172,0.443
2016-11-09,7.66,10.522,0.29,2.581
2016-12-09,13.979,5.88,6.355,1.375
2016-09-13,13.969,5.17,7.561,0.14
2016-09-14,13.217,5.875,6.361,0.304
2016-09-15,14.734,4.743,8.313,0.197
2016-09-16,3.788,6.793,0.129,1.772
2016-09-17,8.246,7.539,1.723,2.907
2016-09-18,8.128,5.569,1.888,1.349
2016-09-19,6.68,9.116,0.409,1.948
2016-09-20,5.176,7.858,0.242,4.791
2016-09-21,8.188,5.466,2.242,1.252
2016-09-22,8.472,3.976,3.348,0.159
2016-09-23,11.152,7.432,3.517,0.422
2016-09-24,10.594,4.855,3.726,0.838
2016-09-25,13.462,6.325,6.946,0.502
2016-09-26,4.419,4.768,0.62,0.554
2016-09-27,12.315,4.23,6.209,0.77
2016-09-28,7.438,6.148,1.043,0.472
2016-09-29,4.704,5.671,0.473,0.79
2016-09-30,8.758,7.609,1.107,3.008
2016-01-10,6.955,7.263,1.348,1.019
2016-02-10,6.895,8.447,1.382,3.701
2016-03-10,8.402,3.76,2.94,1.757
2016-04-10,11.046,2.813,7.329,0.141
2016-05-10,10.809,3.005,6.566,0.211
2016-06-10,0.953,2.872,0.129,0.38
2016-07-10,0.503,3.708,0.025,3.335
2016-08-10,5.481,10.207,0.356,5.717
2016-09-10,2.051,16.242,0.021,14.428
2016-10-10,4.068,8.269,0.256,4.838
2016-11-10,0.959,7.75,0.016,6.908
2016-12-10,4.375,7.245,0.183,3.509
2016-10-13,0.774,9.166,0.024,8.482
2016-10-14,4.34,5.887,0.564,3.045
2016-10-15,1.86,3.513,0.073,1.789
2016-10-16,7.796,4.727,1.41,1.525
2016-10-17,2.614,5.647,0.267,1.831
2016-10-18,6.018,11.288,0.301,6.133
2016-10-19,1.798,5.732,0.106,4.267
2016-10-20,0.484,6.634,0.009,6.221
2016-10-21,1.451,5.735,0.036,4.676
2016-10-22,2.986,7.857,0.059,5.134
2016-10-23,5.989,8.898,0.436,4.133
2016-10-24,1.484,5.466,0.066,4.204
2016-10-25,4.614,9.954,0.429,6.171
2016-10-26,4.364,7.534,0.097,3.844
2016-10-27,0.956,6.387,0.028,5.65
2016-10-28,0.403,8.584,0.002,8.172
2016-10-29,4.874,8.955,0.224,4.885
2016-10-30,1.834,15.282,0.027,13.66
2016-10-31,1.099,5.193,0.06,4.28
2016-01-11,0.572,6.834,0.011,6.427
2016-02-11,3.632,6.013,0.418,3.305
2016-03-11,5.375,5.928,0.144,2.212
2016-04-11,3.739,7.453,0.17,3.799
2016-05-11,0.469,13.858,0.012,13.506
2016-06-11,0.162,7.416,0.0,7.29
2016-07-11,2.269,7.445,0.177,5.694
2016-08-11,0.075,7.659,0.0,7.612
2016-09-11,0.145,7.158,0.0,7.057
2016-10-11,0.345,8.361,0.003,8.062
2016-11-11,8.477,7.11,2.449,2.38
2016-12-11,1.611,8.035,0.049,6.493
2016-11-13,4.569,9.148,0.141,5.284
2016-11-14,5.169,8.167,0.212,3.973
2016-11-15,0.195,8.074,0.0,7.893
2016-11-16,0.922,7.998,0.027,7.268
2016-11-17,2.952,5.868,0.107,3.474
2016-11-18,1.688,8.278,0.067,6.859
2016-11-19,4.01,13.632,0.115,10.138
2016-11-20,1.287,9.769,0.017,8.661
2016-11-21,0.522,7.126,0.022,6.687
2016-11-22,1.317,5.624,0.054,4.585
2016-11-23,3.189,6.621,0.032,3.951
2016-11-24,5.649,7.373,0.487,2.973
2016-11-25,0.624,9.611,0.015,9.037
2016-11-26,1.558,8.146,0.052,6.941
2016-11-27,7.863,11.505,0.728,5.293
2016-11-28,7.847,6.466,1.982,2.402
2016-11-29,8.227,16.425,0.274,8.558
2016-11-30,0.075,6.955,0.0,6.892
2016-01-12,0.256,8.067,0.01,7.86
2016-02-12,7.86,8.367,1.852,3.403
2016-03-12,6.96,13.872,0.166,7.902
2016-04-12,2.177,10.555,0.047,8.662
2016-05-12,7.728,6.796,2.041,2.47
2016-06-12,0.367,7.065,0.005,6.369
2016-07-12,0.493,8.767,0.009,8.399
2016-08-12,0.099,6.052,0.0,6.056
2016-09-12,0.265,10.93,0.009,10.799
2016-10-12,0.046,6.265,0.0,6.27
2016-11-12,0.38,7.718,0.004,7.505
2016-12-12,0.179,8.1,0.0,8.017
2016-12-13,0.282,9.123,0.004,8.942
2016-12-14,0.217,7.343,0.011,7.243
2016-12-15,0.146,5.845,0.0,5.809
2016-12-16,0.122,12.526,0.0,12.527
2016-12-17,0.131,10.732,0.0,10.711
2016-12-18,0.339,8.472,0.006,8.254
2016-12-19,0.703,5.183,0.01,4.651
2016-12-20,1.279,8.682,0.036,7.622
2016-12-21,4.279,8.584,0.074,4.891
2016-12-22,0.134,9.627,0.0,9.531
2016-12-23,0.371,9.936,0.006,9.681
2016-12-24,0.724,7.946,0.013,7.384
2016-12-25,0.069,10.359,0.0,10.363
2016-12-26,1.782,12.289,0.044,10.79
2016-12-27,1.474,11.371,0.049,10.155
2016-12-28,0.223,6.724,0.0,6.586
2016-12-29,6.36,6.642,0.769,2.441
2016-12-30,7.253,10.36,0.081,3.613
2016-12-31,0.073,15.395,0.0,15.338
2017-01-01,0.06,7.608,0.0,7.578
2017-02-01,2.576,12.039,0.018,9.837
2017-03-01,0.082,12.07,0.0,12.006
2017-04-01,3.546,6.683,0.082,3.833
2017-05-01,4.258,10.036,0.117,6.457
2017-06-01,7.946,10.332,0.147,3.642
2017-07-01,0.033,10.575,0.002,10.424
2017-08-01,0.158,9.206,0.0,9.166
2017-09-01,0.311,8.129,0.002,7.922
2017-10-01,0.319,7.717,0.001,7.505
2017-11-01,0.708,7.877,0.031,7.372
2017-12-01,1.261,6.117,0.069,5.108
2017-01-13,3.604,8.279,0.055,5.181
2017-01-14,1.664,12.823,0.025,11.332
2017-01-15,7.285,11.074,0.178,4.875
2017-01-16,7.951,8.465,1.745,3.177
2017-01-17,5.549,6.97,0.362,2.602
2017-01-18,1.476,7.394,0.067,6.079
2017-01-19,1.591,8.788,0.022,7.434
2017-01-20,0.081,11.998,0.0,11.925
2017-01-21,0.215,7.54,0.0,7.366
2017-01-22,1.376,7.339,0.046,6.287
2017-01-23,1.119,7.514,0.027,6.589
2017-01-24,0.077,10.046,0.0,9.996
2017-01-25,4.095,9.922,0.081,6.556
2017-01-26,6.707,8.981,0.924,4.048
2017-01-27,8.107,6.291,1.74,2.627
2017-01-28,8.441,9.873,2.361,3.174
2017-01-29,0.745,11.258,0.006,10.603
2017-01-30,0.038,6.274,0.0,6.269
2017-01-31,0.267,10.126,0.0,9.892
2017-01-02,0.607,8.559,0.001,8.086
2017-02-02,6.525,6.134,1.299,2.933
2017-03-02,0.907,7.932,0.03,6.327
2017-04-02,2.769,8.138,0.14,5.796
2017-05-02,0.22,16.452,0.0,16.319
2017-06-02,5.06,9.293,0.249,5.189
2017-07-02,1.113,7.514,0.023,6.667
2017-08-02,0.095,8.84,0.001,8.693
2017-09-02,5.028,8.779,0.104,4.533
2017-10-02,2.918,8.609,0.069,6.036
2017-11-02,1.227,10.776,0.023,9.815
2017-12-02,1.904,10.443,0.04,8.728
2017-02-13,10.353,11.11,0.466,3.194
2017-02-14,11.66,6.983,4.97,1.618
2017-02-15,10.64,11.684,1.153,3.751
2017-02-16,2.706,7.374,0.086,3.968
2017-02-17,0.587,5.956,0.014,5.46
2017-02-18,0.579,9.048,0.007,8.578
2017-02-19,0.147,7.506,0.0,7.486
2017-02-20,0.184,6.592,0.0,6.519
2017-02-21,7.947,6.782,2.194,3.203
2017-02-22,1.678,7.972,0.095,5.61
2017-02-23,0.562,6.822,0.015,6.461
2017-02-24,10.034,8.719,3.12,2.925
2017-02-25,1.478,11.029,0.005,9.67
2017-02-26,0.264,8.87,0.0,8.673
2017-02-27,1.058,6.15,0.035,5.268
2017-02-28,5.342,5.3,0.76,2.103
2017-01-03,4.582,6.638,0.297,2.455
2017-02-03,2.308,6.204,0.175,4.334
2017-03-03,8.801,6.469,2.032,1.863
2017-04-03,5.846,13.938,0.08,7.739
2017-05-03,3.346,13.38,0.108,10.484
2017-06-03,0.782,5.745,0.028,5.049
2017-07-03,1.491,8.645,0.043,7.382
2017-08-03,2.646,6.98,0.059,4.743
2017-09-03,2.068,7.935,0.051,6.143
2017-10-03,9.623,7.13,2.153,2.033
2017-11-03,13.111,10.227,3.854,1.776
2017-12-03,11.89,8.152,3.825,1.953
2017-03-13,6.16,7.489,0.419,2.149
2017-03-14,6.558,9.564,0.373,3.479
2017-03-15,13.122,4.649,6.635,1.47
2017-03-16,13.221,6.171,5.681,0.12
2017-03-17,4.951,4.814,0.412,0.391
2017-03-18,5.164,8.865,0.677,3.828
2017-03-19,0.755,11.27,0.005,10.57
2017-03-20,1.255,8.038,0.031,7.032
2017-03-21,9.334,8.307,1.126,1.941
2017-03-22,16.162,6.579,8.132,0.705
2017-03-23,2.927,7.67,0.063,3.662
2017-03-24,15.185,11.903,4.339,2.393
2017-03-25,11.533,9.594,3.432,2.73
2017-03-26,9.488,6.365,3.002,2.485
2017-03-27,16.069,6.883,7.382,0.142
2017-03-28,15.588,6.946,6.746,0.141
2017-03-29,1.849,4.766,0.09,1.038
2017-03-30,7.384,9.351,0.264,2.91
2017-03-31,12.546,7.044,5.23,2.271
2017-01-04,8.947,4.605,3.142,1.317
2017-02-04,11.708,2.774,7.823,0.078
2017-03-04,14.753,2.776,10.471,0.042
2017-04-04,13.786,2.718,9.413,0.044
2017-05-04,6.668,2.524,3.446,0.032
2017-06-04,8.319,2.884,4.172,0.114
2017-07-04,2.571,3.668,0.098,0.346
2017-08-04,6.194,7.758,0.113,1.275
2017-09-04,17.252,13.108,4.276,2.795
2017-10-04,4.13,4.933,0.237,0.646
2017-11-04,10.554,4.003,4.073,1.208
2017-12-04,1.269,5.163,0.091,1.698
2017-04-13,9.559,4.051,3.711,1.487
2017-04-14,4.86,6.73,0.193,1.191
2017-04-15,10.7,6.417,3.972,1.511
2017-04-16,10.026,11.327,1.271,2.61
2017-04-17,12.527,8.658,3.413,2.253
2017-04-18,8.033,7.367,1.347,0.708
2017-04-19,10.299,7.34,3.082,1.341
2017-04-20,12.405,9.737,2.655,1.762
2017-04-21,4.441,6.463,0.106,1.41
2017-04-22,10.989,7.231,3.479,2.164
2017-04-23,10.404,7.566,3.14,1.275
2017-04-24,4.342,7.31,0.142,2.447
2017-04-25,13.793,9.107,3.994,1.862
2017-04-26,9.905,6.553,1.625,0.847
2017-04-27,9.445,7.218,2.676,0.953
2017-04-28,6.538,6.532,0.714,0.667
2017-04-29,10.836,8.04,1.637,1.131
2017-04-30,17.025,3.507,11.424,0.125
2017-01-05,10.344,10.718,1.469,1.389
2017-02-05,6.061,9.645,0.115,3.254
2017-03-05,7.269,6.88,0.304,1.808
2017-04-05,4.844,7.671,0.105,2.37
2017-05-05,1.144,7.85,0.009,6.788
2017-06-05,6.849,6.426,0.697,2.374
2017-07-05,16.222,4.945,9.411,0.474
2017-08-05,11.263,6.364,4.613,0.496
2017-09-05,12.149,10.528,1.957,1.156
2017-10-05,4.657,5.892,0.166,0.772
2017-11-05,18.34,7.741,8.232,1.199
2017-12-05,5.962,7.847,0.17,0.815
2017-05-13,6.976,6.716,0.414,1.823
2017-05-14,14.959,7.151,6.783,0.86
2017-05-15,14.93,5.992,7.03,0.26
2017-05-16,3.802,6.379,0.132,1.366
2017-05-17,13.987,8.082,5.057,2.425
2017-05-18,10.871,6.588,4.229,0.802
2017-05-19,5.802,5.311,0.514,0.77
2017-05-20,14.778,6.242,6.229,0.49
2017-05-21,11.326,5.699,6.23,0.644
2017-05-22,12.181,4.74,5.754,0.121
2017-05-23,13.931,7.046,5.818,0.349
2017-05-24,7.754,5.531,2.253,0.693
2017-05-25,16.726,8.784,7.073,0.957
2017-05-26,17.439,5.082,10.142,0.201
2017-05-27,17.326,9.484,8.751,0.985
2017-05-28,16.758,8.944,6.665,1.023
2017-05-29,14.653,4.142,9.113,0.105
2017-05-30,11.037,7.319,3.101,0.428
2017-05-31,15.187,6.102,8.003,0.196
2017-01-06,18.456,8.431,8.659,0.456
2017-02-06,16.934,4.733,9.886,0.221
2017-03-06,10.251,7.923,4.587,1.231
2017-04-06,13.433,7.448,6.429,2.304
2017-05-06,16.867,6.342,9.345,0.741
2017-06-06,9.687,8.857,0.474,0.956
2017-07-06,3.223,5.872,0.151,1.329
2017-08-06,5.528,6.812,0.128,1.867
2017-09-06,6.168,5.564,0.116,1.328
2017-10-06,10.428,5.7,3.15,0.376
2017-11-06,11.941,6.919,4.968,0.855
2017-12-06,6.058,6.747,0.287,0.954
2017-06-13,8.226,4.741,1.7,0.387
2017-06-14,15.161,4.332,8.902,0.197
2017-06-15,10.04,7.421,3.601,0.751
2017-06-16,11.859,5.656,4.193,0.656
2017-06-17,11.979,7.279,4.78,0.88
2017-06-18,14.271,4.859,7.821,0.496
2017-06-19,15.471,9.287,6.174,0.803
2017-06-20,16.245,3.791,10.645,0.161
2017-06-21,15.791,4.297,10.092,0.382
2017-06-22,9.909,2.678,6.326,0.073
2017-06-23,8.123,3.978,3.655,0.379
2017-06-24,4.743,4.071,0.583,0.495
2017-06-25,5.705,4.268,1.119,0.512
2017-06-26,14.473,2.884,9.669,0.111
2017-06-27,12.887,2.808,8.627,0.087
2017-06-28,8.495,8.324,4.589,2.507
2017-06-29,9.382,7.213,0.98,1.353
2017-06-30,1.534,5.904,0.093,3.156
2017-01-07,3.598,8.106,0.094,4.879
2017-02-07,8.823,7.945,1.53,3.193
2017-03-07,12.214,7.818,4.91,0.837
2017-04-07,13.188,6.769,5.088,0.56
2017-05-07,9.856,7.91,1.435,0.501
2017-06-07,16.9,8.592,6.398,0.421
2017-07-07,13.646,7.314,5.296,0.225
2017-08-07,9.421,7.604,2.182,0.931
2017-09-07,17.134,5.673,9.089,0.281
2017-10-07,3.348,5.565,0.163,0.418
2017-11-07,8.492,6.922,1.3,1.868
2017-12-07,3.418,5.809,0.102,1.773
2017-07-13,12.776,7.768,3.717,1.632
2017-07-14,10.139,5.93,4.573,0.492
2017-07-15,9.663,6.309,1.9,0.418
2017-07-16,3.108,4.387,0.161,0.413
2017-07-17,13.109,6.42,5.079,1.271
2017-07-18,15.67,4.466,9.534,0.123
2017-07-19,13.203,5.267,6.773,0.179
2017-07-20,6.749,6.506,1.116,0.922
2017-07-21,14.223,4.392,7.645,0.193
2017-07-22,6.384,4.437,2.095,0.247
2017-07-23,9.833,6.662,2.115,0.516
2017-07-24,7.543,5.034,2.849,0.552
2017-07-25,3.546,4.21,0.108,0.311
2017-07-26,12.9,8.267,3.688,1.66
2017-07-27,7.113,4.565,1.728,0.371
2017-07-28,10.201,5.968,3.321,0.454
2017-07-29,6.3,6.843,0.44,0.871
2017-07-30,11.104,6.833,3.475,1.031
2017-07-31,10.847,6.01,4.483,0.709
2017-01-08,5.845,4.289,0.784,0.301
2017-02-08,9.246,5.265,2.542,0.399
2017-03-08,10.673,7.077,3.549,0.891
2017-04-08,9.001,4.644,3.711,0.441
2017-05-08,9.202,5.021,3.558,0.413
2017-06-08,12.638,6.054,5.75,0.466
2017-07-08,15.311,5.267,8.567,0.204
2017-08-08,5.648,5.694,0.998,0.589
2017-09-08,12.562,4.861,5.104,0.97
2017-10-08,9.408,3.266,5.183,0.129
2017-11-08,1.582,3.046,0.132,0.215
2017-12-08,2.666,12.129,0.037,9.113
2017-08-13,8.189,5.832,1.466,1.708
2017-08-14,15.744,5.379,8.626,0.256
2017-08-15,9.936,5.594,3.463,0.211
2017-08-16,12.709,5.53,6.457,0.337
2017-08-17,5.128,3.489,0.663,0.168
2017-08-18,3.684,6.469,0.137,1.424
2017-08-19,9.465,6.571,2.218,1.976
2017-08-20,7.759,7.822,1.258,1.462
2017-08-21,8.248,4.215,2.58,0.424
2017-08-22,12.766,5.514,5.822,0.125
2017-08-23,15.248,5.595,7.948,0.257
2017-08-24,10.61,4.848,5.118,0.502
2017-08-25,13.509,4.903,7.579,0.151
2017-08-26,7.251,6.785,0.807,0.878
2017-08-27,11.978,6.277,4.969,0.642
2017-08-28,11.993,5.697,5.085,0.311
2017-08-29,14.001,4.579,8.376,0.53
2017-08-30,4.978,4.853,0.15,0.381
2017-08-31,5.154,4.487,0.17,0.226
2017-01-09,11.212,6.756,2.715,0.313
2017-02-09,10.7,8.295,3.885,0.701
2017-03-09,11.148,7.196,3.904,3.526
2017-04-09,12.691,2.948,8.327,0.086
2017-05-09,7.81,2.743,4.165,0.1
2017-06-09,4.085,2.631,0.918,0.05
2017-07-09,6.876,2.704,2.89,0.1
2017-08-09,0.644,2.728,0.066,0.196
2017-09-09,6.512,4.712,1.297,1.374
2017-10-09,11.522,5.586,4.661,0.617
2017-11-09,10.151,4.84,5.172,0.601
2017-12-09,8.92,4.09,3.622,0.152
2017-09-13,6.488,5.282,2.054,0.885
2017-09-14,8.151,4.148,2.477,0.669
2017-09-15,9.353,4.906,3.983,0.629
2017-09-16,2.523,13.103,0.072,9.35
2017-09-17,7.697,6.869,0.811,2.138
2017-09-18,9.29,6.475,1.959,0.335
2017-09-19,8.814,7.409,1.218,1.337
2017-09-20,5.76,6.242,0.326,0.992
2017-09-21,6.01,6.545,0.501,1.405
2017-09-22,5.713,5.724,0.656,1.786
2017-09-23,6.374,7.907,0.104,1.975
2017-09-24,3.255,8.628,0.083,5.43
2017-09-25,4.634,4.746,0.348,1.712
2017-09-26,2.191,6.76,0.06,4.34
2017-09-27,5.678,5.365,0.345,2.081
2017-09-28,1.448,6.72,0.059,4.339
2017-09-29,8.327,13.42,0.188,6.051
2017-09-30,0.579,7.987,0.007,7.482
2017-01-10,13.945,9.421,5.519,3.032
2017-02-10,2.325,6.682,0.102,4.12
2017-03-10,8.215,8.054,2.091,3.367
2017-04-10,1.547,5.16,0.079,3.447
2017-05-10,5.216,6.908,0.593,3.143
2017-06-10,7.498,10.07,1.001,4.191
2017-07-10,0.503,7.818,0.005,7.364
2017-08-10,13.618,8.162,5.164,2.654
2017-09-10,4.438,4.925,0.121,0.377
2017-10-10,2.004,5.959,0.167,3.919
2017-11-10,1.12,6.008,0.026,5.02
2017-12-10,6.619,6.572,1.108,2.737
2017-10-13,8.162,4.982,1.969,0.973
2017-10-14,0.41,6.974,0.013,4.931
2017-10-15,11.705,8.584,4.472,2.444
2017-10-16,8.837,9.779,0.222,3.303
2017-10-17,3.892,5.13,0.075,0.867
2017-10-18,3.506,6.737,0.086,3.759
2017-10-19,5.803,5.374,0.551,1.901
2017-10-20,0.714,7.477,0.021,5.992
2017-10-21,1.212,7.635,0.017,6.603
2017-10-22,0.848,5.233,0.014,4.546
2017-10-23,0.795,7.474,0.007,6.67
2017-10-24,0.23,6.972,0.004,6.766
2017-10-25,1.444,7.886,0.025,6.624
2017-10-26,1.1,11.904,0.011,10.919
2017-10-27,7.408,6.65,1.503,2.667
2017-10-28,0.81,9.616,0.033,8.079
2017-10-29,7.211,8.0,1.461,3.286
2017-10-30,8.844,9.874,1.248,3.099
2017-10-31,1.183,8.044,0.032,7.126
2017-01-11,0.334,5.637,0.002,5.26
2017-02-11,3.842,8.832,0.17,5.556
2017-03-11,1.473,7.602,0.034,6.389
2017-04-11,4.593,10.063,0.108,6.021
2017-05-11,1.216,12.404,0.011,11.294
2017-06-11,6.93,12.455,0.173,6.443
2017-07-11,3.665,8.738,0.115,5.439
2017-08-11,1.581,7.584,0.027,6.231
2017-09-11,1.877,6.222,0.06,4.596
2017-10-11,0.653,6.178,0.023,5.671
2017-11-11,4.421,12.203,0.09,8.309
2017-12-11,2.186,8.751,0.067,6.833
2017-11-13,7.962,8.003,1.109,2.24
2017-11-14,0.394,6.239,0.005,5.771
2017-11-15,0.087,6.298,0.0,6.22
2017-11-16,0.183,5.636,0.002,5.466
2017-11-17,7.431,7.831,0.322,2.43
2017-11-18,0.364,7.756,0.008,6.942
2017-11-19,2.202,12.173,0.052,10.228
2017-11-20,0.175,7.612,0.002,7.447
2017-11-21,0.481,6.897,0.003,6.469
2017-11-22,0.046,6.822,0.0,6.77
2017-11-23,1.771,6.998,0.043,5.539
2017-11-24,0.996,12.546,0.002,11.622
2017-11-25,5.72,8.563,0.07,3.733
2017-11-26,0.652,8.01,0.004,7.463
2017-11-27,0.025,6.341,0.0,6.308
2017-11-28,1.237,6.542,0.041,5.526
2017-11-29,0.298,5.449,0.006,5.175
2017-11-30,0.178,5.493,0.002,5.344
2017-01-12,0.136,7.565,0.0,7.418
2017-02-12,0.322,12.63,0.0,12.32
2017-03-12,0.089,13.71,0.0,13.635
2017-04-12,3.372,6.11,0.102,3.403
2017-05-12,0.249,6.995,0.0,6.768
2017-06-12,0.038,6.431,0.0,6.401
2017-07-12,0.509,7.932,0.009,7.449
2017-08-12,0.106,7.578,0.012,7.497
2017-09-12,2.339,18.469,0.014,16.393
2017-10-12,0.355,10.889,0.005,10.562
2017-11-12,0.001,7.748,0.0,7.764
2017-12-12,0.072,11.025,0.001,10.983
2017-12-13,0.36,7.58,0.0,7.242
2017-12-14,0.343,9.735,0.006,9.426
2017-12-15,0.737,11.624,0.016,10.992
2017-12-16,4.688,11.514,0.125,7.574
2017-12-17,6.58,9.473,0.086,3.804
2017-12-18,4.996,8.985,0.055,4.658
2017-12-19,0.345,11.687,0.014,11.397
2017-12-20,0.164,7.887,0.002,7.753
2017-12-21,0.142,6.805,0.001,6.686
2017-12-22,0.208,14.793,0.0,14.631
2017-12-23,0.042,10.699,0.0,10.664
2017-12-24,0.005,8.385,0.0,8.383
2017-12-25,0.015,9.72,0.0,9.711
2017-12-26,0.599,5.721,0.026,5.321
2017-12-27,0.52,8.59,0.009,8.18
2017-12-28,2.475,8.819,0.041,6.713
2017-12-29,4.374,11.45,0.065,7.51
2017-12-30,0.06,8.28,0.0,8.241
2017-12-31,0.04,7.694,0.0,7.694
2018-01-01,2.223,6.72,0.061,4.859
2018-02-01,0.676,7.783,0.012,7.259
2018-03-01,0.245,8.156,0.005,7.936
2018-04-01,0.21,7.596,0.002,7.422
2018-05-01,0.042,7.438,0.0,7.402
2018-06-01,0.178,15.504,0.0,15.358
2018-07-01,7.871,14.888,0.1,7.914
2018-08-01,8.365,9.168,2.647,4.331
2018-09-01,1.938,8.404,0.048,6.686
2018-10-01,0.905,7.464,0.01,6.693
2018-11-01,1.7,7.58,0.027,6.129
2018-12-01,0.013,9.464,0.0,9.472
2018-01-13,0.036,8.417,0.0,8.414
2018-01-14,6.145,13.313,0.072,7.962
2018-01-15,0.956,7.24,0.024,6.435
2018-01-16,0.745,8.112,0.013,7.47
2018-01-17,1.362,7.485,0.032,6.399
2018-01-18,0.037,8.081,0.0,8.023
2018-01-19,0.424,10.302,0.002,9.924
2018-01-20,0.312,12.154,0.002,11.864
2018-01-21,2.19,10.289,0.037,8.366
2018-01-22,0.085,7.927,0.0,7.854
2018-01-23,2.038,6.755,0.045,5.146
2018-01-24,0.52,8.109,0.01,7.658
2018-01-25,1.094,6.533,0.019,5.64
2018-01-26,0.448,10.986,0.005,10.572
2018-01-27,1.2,9.485,0.027,8.533
2018-01-28,1.831,7.152,0.053,5.557
2018-01-29,0.365,7.331,0.014,7.013
2018-01-30,2.597,5.55,0.098,3.443
2018-01-31,0.171,9.583,0.0,9.435
2018-01-02,1.45,6.809,0.035,5.712
2018-02-02,0.588,10.595,0.002,9.983
2018-03-02,0.111,11.182,0.0,11.088
2018-04-02,0.006,10.622,0.0,10.608
2018-05-02,2.448,7.899,0.135,5.894
2018-06-02,9.614,12.142,0.854,5.375
2018-07-02,10.697,9.352,2.036,2.116
2018-08-02,8.865,6.572,2.821,1.794
2018-09-02,9.133,7.775,1.806,1.223
2018-10-02,4.777,11.357,0.158,6.423
2018-11-02,1.376,9.46,0.021,8.199
2018-12-02,6.201,9.072,0.51,4.196
2018-02-13,10.818,12.069,1.361,4.254
2018-02-14,12.093,7.19,5.479,2.211
2018-02-15,0.575,8.685,0.01,7.342
2018-02-16,5.114,7.539,0.27,3.412
2018-02-17,5.066,14.371,0.484,10.134
2018-02-18,9.409,6.899,2.08,2.544
2018-02-19,7.176,6.627,1.385,1.17
2018-02-20,9.057,8.826,0.661,1.715
2018-02-21,4.986,7.147,0.155,1.671
2018-02-22,2.052,7.134,0.055,5.301
2018-02-23,11.049,8.066,3.245,2.752
2018-02-24,11.025,10.436,4.557,3.724
2018-02-25,2.05,18.554,0.014,16.693
2018-02-26,5.791,7.052,0.906,3.108
2018-02-27,6.31,8.823,0.42,3.502
2018-02-28,13.817,10.381,5.637,4.021
2018-01-03,14.234,7.705,6.06,2.295
2018-02-03,14.374,11.273,4.459,1.317
2018-03-03,14.447,10.663,5.723,3.113
2018-04-03,4.377,9.817,0.073,5.784
2018-05-03,11.782,7.374,4.344,2.734
2018-06-03,11.058,6.949,4.685,1.001
2018-07-03,1.509,9.224,0.039,7.196
2018-08-03,6.946,7.996,1.856,3.775
2018-09-03,7.091,6.903,0.684,2.539
2018-10-03,1.21,12.175,0.006,9.983
2018-11-03,5.271,9.407,0.241,5.025
2018-12-03,2.117,6.619,0.073,4.851
2018-03-13,1.545,6.689,0.035,5.576
2018-03-14,3.499,8.261,0.259,5.492
2018-03-15,2.382,7.156,0.086,5.15
2018-03-16,2.01,10.735,0.0,11.067
2018-03-17,14.111,18.695,3.259,7.81
2018-03-18,16.967,12.612,5.425,2.927
2018-03-19,15.848,9.274,8.788,3.02
2018-03-20,15.479,6.834,8.621,1.956
2018-03-21,3.727,6.71,0.072,2.123
2018-03-22,2.087,8.247,0.08,6.612
2018-03-23,3.137,11.987,0.096,9.644
2018-03-24,3.218,9.439,0.054,7.119
2018-03-25,2.466,6.626,0.064,4.58
2018-03-26,2.604,6.405,0.114,4.348
2018-03-27,8.731,5.392,2.256,2.195
2018-03-28,0.944,9.508,0.037,6.695
2018-03-29,6.211,8.146,0.198,3.344
2018-03-30,14.667,6.22,7.352,2.354
2018-03-31,2.401,11.611,0.06,7.354
2018-01-04,8.508,12.797,0.861,6.194
2018-02-04,9.342,7.987,2.907,3.482
2018-03-04,5.321,7.48,0.537,2.69
2018-04-04,5.243,6.677,0.115,2.141
2018-05-04,3.059,6.338,0.157,3.836
2018-06-04,15.845,8.621,7.503,2.607
2018-07-04,15.962,10.365,5.626,1.618
2018-08-04,13.721,6.102,7.061,1.484
2018-09-04,10.483,4.334,5.031,0.123
2018-10-04,14.458,6.439,6.176,0.417
2018-11-04,7.399,4.769,2.192,0.193
2018-12-04,9.763,7.061,2.698,0.266
2018-04-13,5.024,6.688,0.146,1.201
2018-04-14,0.382,7.078,0.005,6.732
2018-04-15,4.325,7.559,0.167,3.902
2018-04-16,7.001,7.426,0.384,1.851
2018-04-17,15.594,6.659,7.422,1.224
2018-04-18,15.866,4.997,8.709,0.249
2018-04-19,16.012,5.578,9.328,0.194
2018-04-20,15.741,6.967,7.45,0.398
2018-04-21,17.615,8.471,8.969,0.426
2018-04-22,15.367,7.261,6.624,0.561
2018-04-23,10.961,5.629,4.901,0.265
2018-04-24,2.792,10.724,0.146,7.087
2018-04-25,4.923,7.09,0.128,2.788
2018-04-26,6.821,3.992,1.217,1.479
2018-04-27,11.806,5.152,6.598,0.417
2018-04-28,8.795,6.055,2.41,0.44
2018-04-29,10.196,5.442,2.792,0.252
2018-04-30,5.624,8.833,0.268,1.924
2018-01-05,2.693,13.971,0.016,11.499
2018-02-05,17.471,8.525,6.274,1.701
2018-03-05,14.002,5.508,7.962,0.315
2018-04-05,17.242,7.65,8.765,0.301
2018-05-05,17.985,9.175,8.119,0.945
2018-06-05,17.128,8.713,6.652,0.353
2018-07-05,17.159,4.294,11.386,0.132
2018-08-05,16.744,6.818,8.942,0.248
2018-09-05,15.134,5.247,8.233,0.122
2018-10-05,9.719,9.253,2.36,1.169
2018-11-05,10.135,6.134,3.438,1.254
2018-12-05,13.374,10.034,3.746,2.42
2018-05-13,15.352,6.564,7.019,0.349
2018-05-14,16.675,7.009,8.567,0.157
2018-05-15,14.537,4.064,9.026,0.157
2018-05-16,14.657,5.009,8.154,0.133
2018-05-17,5.315,4.919,1.008,0.587
2018-05-18,4.546,7.137,0.112,1.796
2018-05-19,9.958,8.802,1.179,2.55
2018-05-20,17.397,6.498,8.82,0.393
2018-05-21,17.182,6.352,10.622,0.635
2018-05-22,15.762,5.912,8.224,0.154
2018-05-23,17.287,6.367,8.939,0.243
2018-05-24,15.535,3.637,10.413,0.138
2018-05-25,15.757,5.883,8.684,0.482
2018-05-26,16.33,3.394,11.618,0.092
2018-05-27,17.885,6.384,10.19,0.154
2018-05-28,12.106,5.388,5.691,0.181
2018-05-29,16.745,3.694,11.388,0.097
2018-05-30,11.655,3.461,7.104,0.087
2018-05-31,15.671,3.745,10.56,0.094
2018-01-06,13.85,3.759,9.175,0.09
2018-02-06,2.081,8.256,0.07,4.473
2018-03-06,7.185,6.089,0.818,1.915
2018-04-06,2.91,6.661,0.115,2.701
2018-05-06,18.222,10.274,7.757,2.658
2018-06-06,17.752,6.297,8.973,0.226
2018-07-06,17.405,5.181,10.999,0.136
2018-08-06,13.936,9.347,5.788,1.056
2018-09-06,12.897,6.704,4.095,0.691
2018-10-06,7.37,8.083,0.616,1.4
2018-11-06,14.92,5.419,7.137,0.241
2018-12-06,5.147,6.36,0.447,1.02
2018-06-13,6.225,5.27,0.331,0.736
2018-06-14,12.581,6.842,5.681,0.619
2018-06-15,14.999,4.767,7.212,0.195
2018-06-16,11.328,3.491,7.027,0.113
2018-06-17,8.329,5.315,3.243,0.497
2018-06-18,6.408,4.118,1.254,0.139
2018-06-19,8.459,10.085,0.402,3.169
2018-06-20,13.615,4.714,8.071,0.296
2018-06-21,11.402,5.498,4.846,0.376
2018-06-22,10.213,5.168,4.766,0.283
2018-06-23,3.152,7.325,0.147,3.796
2018-06-24,4.383,6.536,0.134,2.89
2018-06-25,4.402,5.752,0.23,2.12
2018-06-26,14.178,5.773,6.652,2.113
2018-06-27,14.698,7.245,7.586,1.038
2018-06-28,16.966,4.485,10.473,0.615
2018-06-29,16.011,5.465,9.329,1.006
2018-06-30,12.676,8.062,4.927,1.559
2018-01-07,14.083,4.478,7.58,0.23
2018-02-07,13.694,6.026,6.595,0.224
2018-03-07,13.861,6.113,6.316,0.331
2018-04-07,15.445,6.616,7.173,0.77
2018-05-07,6.424,4.841,1.312,0.246
2018-06-07,16.473,4.148,10.21,0.102
2018-07-07,15.902,4.394,9.578,0.15
2018-08-07,16.668,3.138,11.095,0.086
2018-09-07,6.361,3.735,2.785,0.273
2018-10-07,10.766,3.185,5.377,0.141
2018-11-07,3.329,5.645,0.135,0.916
2018-12-07,8.576,4.551,3.79,1.746
2018-07-13,12.367,4.298,5.678,0.19
2018-07-14,6.179,4.871,1.087,0.346
2018-07-15,12.776,7.099,5.201,1.552
2018-07-16,12.295,4.631,6.458,0.222
2018-07-17,13.53,4.146,7.634,0.072
2018-07-18,12.897,5.81,6.545,0.633
2018-07-19,14.956,5.612,8.162,0.56
2018-07-20,15.329,8.098,6.517,1.314
2018-07-21,8.634,5.568,2.573,0.822
2018-07-22,14.976,6.924,6.763,0.856
2018-07-23,14.689,6.205,8.114,0.875
2018-07-24,14.892,5.219,7.652,0.441
2018-07-25,10.452,4.613,4.354,0.146
2018-07-26,14.968,7.187,6.612,0.858
2018-07-27,15.263,5.223,8.304,0.327
2018-07-28,6.055,6.163,1.157,0.689
2018-07-29,14.343,4.998,7.587,1.301
2018-07-30,11.833,4.661,5.718,0.162
2018-07-31,12.07,5.396,4.927,0.526
2018-01-08,12.611,6.029,6.973,0.731
2018-02-08,12.34,4.659,5.36,0.116
2018-03-08,12.257,5.894,5.59,0.637
2018-04-08,11.421,6.107,5.602,0.928
2018-05-08,7.69,7.124,0.914,1.99
2018-06-08,14.001,5.73,6.733,0.524
2018-07-08,14.969,5.417,8.237,0.523
2018-08-08,11.105,4.652,5.216,0.297
2018-09-08,8.717,4.098,3.332,0.169
2018-10-08,9.424,5.973,2.943,0.561
2018-11-08,8.603,5.575,2.486,0.783
2018-12-08,5.074,7.52,0.179,1.913
2018-08-13,3.928,6.34,0.15,3.099
2018-08-14,8.298,6.893,1.382,2.22
2018-08-15,5.506,4.63,0.278,0.615
2018-08-16,11.68,8.633,2.912,2.451
2018-08-17,5.485,6.277,0.321,1.084
2018-08-18,13.029,9.339,4.213,1.805
2018-08-19,12.428,7.211,5.726,2.932
2018-08-20,8.449,4.659,2.374,0.088
2018-08-21,12.302,4.617,5.993,0.276
2018-08-22,13.927,3.672,8.653,0.062
2018-08-23,10.726,7.309,3.705,1.255
2018-08-24,9.199,3.055,3.9,0.087
2018-08-25,4.354,2.847,0.894,0.058
2018-08-26,10.331,3.797,5.75,0.086
2018-08-27,4.292,4.91,0.266,0.363
2018-08-28,5.456,4.762,0.164,1.297
2018-08-29,12.373,5.816,5.588,0.875
2018-08-30,4.158,5.74,0.159,1.808
2018-08-31,10.903,3.787,4.49,1.274
2018-01-09,11.513,10.903,2.287,1.443
2018-02-09,14.204,6.269,7.069,2.478
2018-03-09,12.21,4.896,5.747,0.248
2018-04-09,13.409,5.793,5.532,0.604
2018-05-09,10.635,4.467,4.406,0.21
2018-06-09,10.222,11.564,1.227,2.304
2018-07-09,6.084,6.222,0.508,2.257
2018-08-09,10.704,7.19,3.198,1.834
2018-09-09,9.193,8.276,1.495,2.565
2018-10-09,5.761,6.012,0.695,0.918
2018-11-09,3.617,5.69,0.123,2.45
2018-12-09,2.509,6.838,0.086,4.742
2018-09-13,12.157,7.535,3.872,2.276
2018-09-14,11.965,3.815,6.172,0.422
2018-09-15,7.256,6.288,1.433,0.769
2018-09-16,10.152,5.405,4.19,1.49
2018-09-17,12.626,5.079,5.198,0.435
2018-09-18,13.731,6.685,5.225,0.406
2018-09-19,12.223,5.497,5.84,0.403
2018-09-20,9.055,5.956,1.869,0.445
2018-09-21,3.671,5.395,0.115,1.461
2018-09-22,5.036,8.089,0.32,4.18
2018-09-23,2.207,10.357,0.073,8.584
2018-09-24,7.679,5.353,1.322,1.824
2018-09-25,10.235,6.615,2.74,0.32
2018-09-26,7.831,6.448,1.791,1.646
2018-09-27,5.718,3.842,0.845,0.882
2018-09-28,12.665,6.283,5.289,0.343
2018-09-29,7.999,5.698,1.919,1.585
2018-09-30,8.619,7.826,1.114,1.945
2018-01-10,5.921,6.774,0.461,1.421
2018-02-10,0.904,7.409,0.038,6.599
2018-03-10,8.234,6.074,1.752,2.586
2018-04-10,2.14,4.46,0.119,1.325
2018-05-10,13.439,8.751,2.994,2.322
2018-06-10,11.279,5.519,3.96,0.469
2018-07-10,11.574,5.888,6.358,1.496
2018-08-10,9.917,4.161,4.003,0.68
2018-09-10,11.304,5.66,4.206,0.394
2018-10-10,11.498,3.192,5.932,0.081
2018-11-10,12.138,2.97,7.093,0.093
2018-12-10,11.241,4.126,5.416,0.112
2018-10-13,10.843,8.164,1.622,0.951
2018-10-14,12.158,5.328,6.432,0.887
2018-10-15,11.289,4.767,4.374,0.263
2018-10-16,2.901,3.849,0.158,0.308
2018-10-17,8.514,4.009,2.922,1.418
2018-10-18,4.573,6.783,0.262,2.469
2018-10-19,8.694,6.296,1.823,1.954
2018-10-20,5.669,9.352,0.201,3.346
2018-10-21,2.692,8.106,0.075,5.78
2018-10-22,7.841,4.041,2.496,1.798
2018-10-23,0.546,4.393,0.036,2.532
2018-10-24,5.429,6.593,0.586,3.362
2018-10-25,2.388,4.44,0.165,2.094
2018-10-26,0.524,6.188,0.018,5.803
2018-10-27,6.943,5.867,1.309,2.77
2018-10-28,5.016,8.812,0.214,3.756
2018-10-29,0.685,6.109,0.023,5.64
2018-10-30,0.658,7.951,0.01,7.326
2018-10-31,7.694,4.35,2.518,2.066
2018-01-11,2.332,6.107,0.088,2.883
2018-02-11,4.652,5.644,0.284,2.433
2018-03-11,10.005,6.215,2.915,2.393
2018-04-11,1.052,6.263,0.048,3.964
2018-05-11,0.111,4.751,0.0,4.649
2018-06-11,3.978,6.97,0.089,3.849
2018-07-11,8.703,3.939,3.124,1.651
2018-08-11,6.315,4.943,1.38,0.732
2018-09-11,1.702,5.388,0.056,3.112
2018-10-11,0.441,9.959,0.006,9.572
2018-11-11,1.314,7.678,0.038,6.65
2018-12-11,0.098,6.406,0.0,6.322
2018-11-13,1.172,4.718,0.025,3.863
2018-11-14,1.24,6.354,0.045,5.357
2018-11-15,6.653,6.172,0.166,2.287
2018-11-16,8.183,8.475,2.442,2.913
2018-11-17,8.195,6.37,1.427,2.627
2018-11-18,4.204,8.85,0.071,4.023
2018-11-19,2.656,6.274,0.142,4.175
2018-11-20,0.019,6.192,0.0,6.181
2018-11-21,1.508,8.132,0.05,6.985
2018-11-22,0.183,6.524,0.002,6.354
2018-11-23,0.34,7.82,0.005,7.506
2018-11-24,0.109,7.35,0.0,7.341
2018-11-25,0.11,9.734,0.0,9.64
2018-11-26,1.247,6.127,0.041,5.2
2018-11-27,3.39,9.721,0.051,6.977
2018-11-28,3.36,10.176,0.092,7.354
2018-11-29,0.176,7.073,0.0,6.925
2018-11-30,2.81,6.242,0.031,3.958
2018-01-12,1.172,8.208,0.054,7.284
2018-02-12,0.08,6.72,0.0,6.649
2018-03-12,0.295,6.422,0.003,6.234
2018-04-12,5.028,8.178,0.097,4.238
2018-05-12,4.185,7.095,0.049,3.809
2018-06-12,0.047,7.267,0.0,7.237
2018-07-12,0.007,7.59,0.0,7.597
2018-08-12,0.059,8.685,0.0,8.689
2018-09-12,0.502,8.154,0.018,7.872
2018-10-12,0.849,5.248,0.022,4.56
2018-11-12,4.707,14.187,0.049,10.293
2018-12-12,0.249,5.89,0.0,5.662
2018-12-13,1.719,7.773,0.055,6.474
2018-12-14,0.359,6.145,0.001,5.829
2018-12-15,0.116,9.115,0.0,9.015
2018-12-16,0.313,10.115,0.0,9.836
2018-12-17,0.079,7.763,0.0,7.764
2018-12-18,0.199,5.77,0.004,5.67
2018-12-19,0.025,10.249,0.0,10.244
2018-12-20,0.233,7.257,0.0,7.049
2018-12-21,0.02,7.131,0.001,7.127
2018-12-22,0.049,11.333,0.0,11.29
2018-12-23,0.027,10.458,0.0,10.435
2018-12-24,2.835,7.665,0.055,5.439
2018-12-25,0.23,8.376,0.0,8.173
2018-12-26,0.003,12.275,0.0,12.283
2018-12-27,0.005,8.791,0.0,8.797
2018-12-28,0.053,7.616,0.0,7.575
2018-12-29,0.071,7.301,0.0,7.303
2018-12-30,1.772,9.999,0.034,8.584
2018-12-31,0.19,7.718,0.0,7.545
2019-01-01,1.651,5.953,0.052,4.697
2019-02-01,7.286,8.3,0.069,2.741
2019-03-01,4.854,14.426,0.066,10.382
2019-04-01,0.036,8.853,0.0,8.826
2019-05-01,0.065,6.458,0.0,6.449
2019-06-01,0.207,7.304,0.0,7.192
2019-07-01,0.273,6.132,0.003,5.899
2019-08-01,0.495,5.437,0.015,5.073
2019-09-01,0.073,7.364,0.0,7.3
2019-10-01,1.39,9.868,0.058,8.808
2019-11-01,0.519,15.636,0.006,15.182
2019-12-01,0.027,9.17,0.0,9.136
2019-01-13,0.089,6.925,0.0,6.918
2019-01-14,4.018,7.139,0.074,3.992
2019-01-15,0.027,6.36,0.0,6.368
2019-01-16,0.026,5.101,0.0,5.094
2019-01-17,0.367,7.568,0.005,7.302
2019-01-18,3.292,7.362,0.09,6.627
2019-01-19,5.34,9.903,4.56,8.093
2019-01-20,5.217,5.78,0.153,2.517
2019-01-21,1.385,8.586,0.038,6.614
2019-01-22,5.304,7.598,0.106,3.288
2019-01-23,1.56,8.505,0.09,7.282
2019-01-24,0.314,9.297,0.0,9.008
2019-01-25,0.493,7.071,0.002,6.689
2019-01-26,0.329,9.361,0.001,9.13
2019-01-27,0.445,8.787,0.007,8.407
2019-01-28,0.222,6.325,0.002,6.132
2019-01-29,5.124,7.781,0.195,3.846
2019-01-30,2.009,6.757,0.121,5.135
2019-01-31,3.477,8.552,0.102,5.686
2019-01-02,0.35,7.355,0.006,7.042
2019-02-02,0.556,18.287,0.002,17.865
2019-03-02,3.618,10.014,0.112,7.09
2019-04-02,2.251,8.677,0.105,6.867
2019-05-02,1.064,6.953,0.02,6.103
2019-06-02,0.402,7.709,0.005,7.343
2019-07-02,4.084,5.789,0.111,3.138
2019-08-02,0.314,7.072,0.002,6.443
2019-09-02,2.356,6.16,0.133,4.348
2019-10-02,0.067,8.116,0.0,8.047
2019-11-02,5.373,6.162,0.433,2.606
2019-12-02,3.538,4.851,0.248,1.954
2019-02-13,0.201,7.385,0.001,7.205
2019-02-14,11.175,6.672,2.841,2.034
2019-02-15,11.966,7.274,3.208,0.625
2019-02-16,9.902,7.603,1.435,0.925
2019-02-17,9.947,3.755,4.222,0.157
2019-02-18,11.134,3.98,5.824,0.151
2019-02-19,1.432,5.838,0.064,3.21
2019-02-20,2.614,5.186,0.104,3.098
2019-02-21,1.409,6.425,0.067,5.295
2019-02-22,7.492,5.311,1.832,2.384
2019-02-23,8.944,6.389,2.086,0.914
2019-02-24,12.581,12.558,0.316,2.735
2019-02-25,12.338,7.323,5.959,1.996
2019-02-26,12.64,4.346,6.304,1.178
2019-02-27,13.162,5.455,6.027,0.276
2019-02-28,0.845,4.515,0.04,2.206
2019-01-03,2.584,6.768,0.101,4.683
2019-02-03,5.526,7.45,0.389,4.16
2019-03-03,0.394,6.976,0.014,6.015
2019-04-03,2.293,4.783,0.217,3.125
2019-05-03,4.685,4.72,0.361,1.992
2019-06-03,2.153,5.042,0.107,2.734
2019-07-03,4.914,12.266,0.245,8.292
2019-08-03,7.912,7.324,1.936,3.142
2019-09-03,3.205,6.366,0.141,3.465
2019-10-03,2.656,5.623,0.084,3.442
2019-11-03,3.383,10.2,0.152,7.516
2019-12-03,2.552,8.547,0.071,6.318
2019-03-13,1.272,6.371,0.022,5.313
2019-03-14,0.76,6.755,0.013,6.055
2019-03-15,3.542,6.279,0.244,3.583
2019-03-16,1.638,10.52,0.063,9.104
2019-03-17,5.639,7.438,0.695,3.483
2019-03-18,8.301,6.057,1.975,2.597
2019-03-19,10.763,7.321,2.719,1.017
2019-03-20,2.215,6.571,0.148,3.658
2019-03-21,1.881,6.702,0.081,5.278
2019-03-22,11.317,8.29,2.775,2.473
2019-03-23,5.421,8.084,0.348,3.889
2019-03-24,12.728,6.336,4.883,1.53
2019-03-25,8.84,5.683,3.091,0.895
2019-03-26,4.108,4.78,0.214,0.692
2019-03-27,2.878,7.836,0.098,5.443
2019-03-28,2.819,11.398,0.067,8.995
2019-03-29,12.346,7.028,4.915,2.2
2019-03-30,12.399,10.552,3.225,2.53
2019-03-31,14.263,5.212,7.06,1.619
2019-01-04,16.337,5.206,8.166,0.106
2019-02-04,9.666,5.702,3.818,0.526
2019-03-04,5.957,4.055,0.277,0.166
2019-04-04,2.991,5.988,0.206,1.952
2019-05-04,1.592,6.66,0.07,5.385
2019-06-04,14.464,8.306,4.992,3.389
2019-07-04,15.218,7.388,6.197,0.757
2019-08-04,15.024,5.51,8.076,0.199
2019-09-04,13.448,5.709,6.725,0.786
2019-10-04,12.322,5.425,5.768,0.935
2019-11-04,5.052,7.097,0.222,1.614
2019-12-04,9.923,5.544,3.037,2.144
2019-04-13,7.732,9.76,0.856,3.005
2019-04-14,3.244,8.759,0.12,5.527
2019-04-15,16.302,5.812,7.83,1.738
2019-04-16,16.516,5.084,9.114,0.165
2019-04-17,16.365,3.788,10.563,0.129
2019-04-18,16.166,7.138,6.754,0.354
2019-04-19,15.501,3.133,10.415,0.111
2019-04-20,16.648,6.641,8.017,0.75
2019-04-21,16.63,6.954,7.651,0.532
2019-04-22,16.495,5.641,9.385,0.465
2019-04-23,15.672,4.199,9.008,0.186
2019-04-24,14.705,4.483,8.426,0.3
2019-04-25,15.411,8.024,4.668,0.298
2019-04-26,6.549,8.024,0.947,1.622
2019-04-27,7.469,7.948,1.33,3.043
2019-04-28,8.5,7.864,0.34,1.941
2019-04-29,7.197,6.194,1.436,2.584
2019-04-30,15.101,3.274,9.456,0.088
2019-01-05,3.008,3.233,0.256,0.111
2019-02-05,2.634,5.695,0.139,2.86
2019-03-05,10.82,4.446,4.589,1.747
2019-04-05,9.645,10.807,0.617,1.648
2019-05-05,12.883,9.108,4.13,3.258
2019-06-05,7.497,4.383,1.065,0.599
2019-07-05,11.074,5.453,3.972,0.464
2019-08-05,6.697,6.274,1.658,1.235
2019-09-05,10.866,3.649,4.48,0.295
2019-10-05,6.531,3.283,1.939,0.12
2019-11-05,16.766,3.605,10.945,0.16
2019-12-05,18.07,5.853,9.852,0.317
2019-05-13,16.149,2.967,10.716,0.132
2019-05-14,13.714,8.216,5.115,1.503
2019-05-15,11.639,4.491,6.241,0.516
2019-05-16,3.683,4.049,0.129,0.453
2019-05-17,6.911,6.284,3.426,2.788
2019-05-18,14.67,8.031,5.384,2.958
2019-05-19,12.87,6.062,5.92,0.776
2019-05-20,15.32,4.003,9.334,0.541
2019-05-21,1.565,5.331,0.232,2.486
2019-05-22,7.696,5.591,1.573,2.545
2019-05-23,14.074,3.742,7.768,0.257
2019-05-24,14.559,2.771,9.835,0.153
2019-05-25,4.185,2.733,0.701,0.142
2019-05-26,3.852,8.366,0.213,3.083
2019-05-27,9.471,3.358,3.382,1.237
2019-05-28,13.174,4.17,7.089,0.238
2019-05-29,13.759,4.194,8.293,0.386
2019-05-30,5.388,4.237,0.711,0.306
2019-05-31,10.712,9.854,1.218,1.237
2019-01-06,15.216,3.602,8.324,0.801
2019-02-06,15.767,4.774,9.198,0.411
2019-03-06,8.859,3.225,3.838,0.178
2019-04-06,11.187,8.261,2.206,1.162
2019-05-06,8.946,3.511,4.479,0.304
2019-06-06,4.415,4.128,0.238,0.512
2019-07-06,16.881,2.844,10.892,0.111
2019-08-06,6.237,6.897,0.61,1.271
2019-09-06,13.388,5.497,6.328,0.891
2019-10-06,11.551,5.854,4.998,0.868
2019-11-06,6.929,3.469,1.476,0.311
2019-12-06,3.922,6.247,0.538,1.661
2019-06-13,15.094,3.553,8.391,0.792
2019-06-14,11.883,2.754,6.945,0.123
2019-06-15,5.228,2.705,1.532,0.187
2019-06-16,9.234,7.81,1.707,1.334
2019-06-17,15.741,5.09,7.724,0.199
2019-06-18,10.351,4.851,4.794,0.451
2019-06-19,11.949,2.976,7.001,0.193
2019-06-20,7.261,4.679,2.012,0.518
2019-06-21,7.744,5.867,2.821,1.187
2019-06-22,13.945,3.37,7.456,0.447
2019-06-23,16.789,3.373,11.52,0.136
2019-06-24,16.489,3.73,10.297,0.105
2019-06-25,15.603,4.496,9.0,0.268
2019-06-26,15.902,4.412,9.773,0.231
2019-06-27,5.305,3.775,0.872,0.363
2019-06-28,17.711,5.648,10.237,0.576
2019-06-29,16.676,4.829,9.627,0.459
2019-06-30,15.593,3.172,10.063,0.14
2019-01-07,11.68,4.384,6.163,0.339
2019-02-07,11.351,3.431,5.878,0.224
2019-03-07,10.17,4.114,5.13,0.46
2019-04-07,7.745,3.155,3.029,0.175
2019-05-07,4.8,4.597,0.504,0.65
2019-06-07,4.296,6.497,0.175,2.588
2019-07-07,7.205,7.482,0.346,1.416
2019-08-07,4.72,4.162,0.307,1.023
2019-09-07,6.644,5.141,0.904,1.648
2019-10-07,10.674,3.965,4.966,0.319
2019-11-07,6.056,4.929,0.541,0.375
2019-12-07,7.963,3.923,2.26,0.321
2019-07-13,7.462,3.697,2.63,0.16
2019-07-14,3.945,3.91,0.195,0.482
2019-07-15,5.177,3.825,0.619,0.366
2019-07-16,9.0,5.612,1.77,0.395
2019-07-17,13.135,4.304,6.862,0.283
2019-07-18,10.21,7.211,2.802,1.38
2019-07-19,14.351,5.031,7.041,0.28
2019-07-20,8.977,4.885,3.798,0.376
2019-07-21,12.414,5.947,4.023,0.792
2019-07-22,6.978,3.102,2.858,0.135
2019-07-23,12.288,4.245,7.364,1.616
2019-07-24,11.53,3.556,8.65,1.196
2019-07-25,13.594,4.36,6.831,0.26
2019-07-26,14.829,4.032,9.725,0.616
2019-07-27,15.15,3.831,9.088,0.397
2019-07-28,11.462,5.473,5.761,1.142
2019-07-29,6.148,3.299,1.145,0.121
2019-07-30,16.111,3.237,10.871,0.098
2019-07-31,10.51,4.683,4.801,0.57
2019-01-08,12.933,3.641,6.96,0.141
2019-02-08,8.129,4.019,2.848,0.251
2019-03-08,11.336,4.006,5.81,0.571
2019-04-08,6.584,5.007,1.177,0.621
2019-05-08,5.694,4.394,1.659,0.682
2019-06-08,10.39,3.135,4.797,0.132
2019-07-08,10.196,6.222,3.479,0.928
2019-08-08,9.945,4.756,3.893,0.505
2019-09-08,5.458,5.484,0.512,0.859
2019-10-08,8.97,8.969,1.47,3.429
2019-11-08,10.896,3.524,5.162,0.457
2019-12-08,9.586,4.381,4.748,0.665
2019-08-13,9.082,3.825,3.225,0.158
2019-08-14,11.554,8.227,3.978,1.588
2019-08-15,3.647,3.86,0.092,0.455
2019-08-16,7.435,5.58,1.223,1.422
2019-08-17,4.852,5.245,0.128,0.924
2019-08-18,4.581,5.559,0.08,1.752
2019-08-19,11.385,5.549,4.944,1.281
2019-08-20,9.758,4.171,3.891,0.44
2019-08-21,11.809,4.666,4.763,0.295
2019-08-22,15.201,4.179,9.519,0.335
2019-08-23,13.502,4.096,7.597,0.25
2019-08-24,15.34,3.669,9.396,0.09
2019-08-25,14.19,6.161,7.173,1.039
2019-08-26,14.125,3.971,7.926,0.362
2019-08-27,12.665,4.488,6.95,0.51
2019-08-28,10.9,3.647,5.147,0.459
2019-08-29,10.136,2.612,5.729,0.063
2019-08-30,15.042,6.496,7.621,1.13
2019-08-31,14.619,4.546,9.038,0.694
2019-01-09,7.39,6.196,1.376,1.456
2019-02-09,10.153,4.832,3.948,0.567
2019-03-09,5.57,6.733,0.554,1.794
2019-04-09,6.228,6.83,0.555,2.639
2019-05-09,9.157,10.06,0.727,3.528
2019-06-09,6.649,3.757,0.694,0.213
2019-07-09,8.396,6.534,2.11,1.044
2019-08-09,6.364,4.525,0.547,0.531
2019-09-09,7.263,5.34,2.379,1.22
2019-10-09,13.252,5.87,5.25,0.5
2019-11-09,6.526,8.306,0.161,1.666
2019-12-09,10.274,4.023,4.324,1.88
2019-09-13,11.386,2.842,6.745,0.11
2019-09-14,12.836,5.389,6.666,1.054
2019-09-15,3.352,5.193,0.13,1.07
2019-09-16,6.766,4.58,0.474,1.439
2019-09-17,9.371,4.195,4.023,0.623
2019-09-18,11.421,3.225,6.622,0.125
2019-09-19,11.427,5.573,5.021,0.717
2019-09-20,5.62,9.422,0.332,3.751
2019-09-21,14.09,5.225,7.102,1.993
2019-09-22,14.15,7.745,5.153,1.103
2019-09-23,7.659,5.503,2.558,1.034
2019-09-24,8.2,4.22,2.311,0.668
2019-09-25,1.926,7.359,0.052,4.4
2019-09-26,2.498,5.719,0.048,3.642
2019-09-27,7.006,5.96,1.003,2.79
2019-09-28,7.299,9.464,0.712,2.701
2019-09-29,0.681,8.842,0.012,8.249
2019-09-30,5.015,5.905,0.57,2.536
2019-01-10,1.014,5.119,0.018,4.143
2019-02-10,8.367,6.532,2.34,2.855
2019-03-10,10.878,4.862,5.103,1.563
2019-04-10,1.275,10.092,0.035,7.74
2019-05-10,10.392,7.093,2.971,2.989
2019-06-10,7.438,3.625,2.437,0.467
2019-07-10,9.44,3.38,4.416,0.042
2019-08-10,3.209,3.244,0.196,0.08
2019-09-10,2.766,3.413,0.08,0.574
2019-10-10,5.607,3.753,0.619,1.582
2019-11-10,0.611,3.741,0.039,1.64
2019-12-10,1.439,5.093,0.024,3.911
2019-10-13,2.428,14.865,0.018,12.837
2019-10-14,7.082,3.962,1.68,1.754
2019-10-15,9.58,5.909,2.527,0.697
2019-10-16,4.562,4.332,0.219,0.618
2019-10-17,1.625,4.422,0.045,1.884
2019-10-18,3.568,5.091,0.205,2.735
2019-10-19,2.232,5.765,0.04,3.526
2019-10-20,1.273,6.804,0.021,5.765
2019-10-21,1.4,5.575,0.021,4.346
2019-10-22,1.89,6.867,0.052,5.301
2019-10-23,5.957,9.438,0.143,4.927
2019-10-24,2.164,7.119,0.032,5.069
2019-10-25,4.174,4.935,0.074,2.443
2019-10-26,5.062,6.388,0.428,2.462
2019-10-27,7.407,6.992,0.959,1.737
2019-10-28,5.833,5.0,0.503,1.446
2019-10-29,10.628,5.758,4.825,1.105
2019-10-30,10.299,5.784,4.14,1.823
2019-10-31,10.463,6.894,3.456,1.483
2019-01-11,1.894,7.33,0.042,4.914
2019-02-11,2.271,5.681,0.11,3.904
2019-03-11,1.767,6.071,0.077,4.537
2019-04-11,3.788,4.715,0.172,1.961
2019-05-11,0.419,8.018,0.019,7.584
2019-06-11,1.491,5.392,0.068,4.185
2019-07-11,1.12,5.008,0.029,4.056
2019-08-11,6.263,5.241,0.436,1.853
2019-09-11,5.299,5.687,0.683,1.613
2019-10-11,8.912,6.059,2.871,2.416
2019-11-11,4.593,4.518,0.132,0.805
2019-12-11,1.799,6.61,0.094,4.241
2019-11-13,0.506,5.945,0.006,5.526
2019-11-14,4.471,4.845,0.073,1.928
2019-11-15,0.021,9.623,0.006,9.121
2019-11-16,0.04,6.422,0.0,6.425
2019-11-17,2.089,9.49,0.029,7.759
2019-11-18,0.135,6.555,0.0,6.451
2019-11-19,2.308,5.769,0.102,3.957
2019-11-20,0.377,5.853,0.0,5.586
2019-11-21,0.006,8.216,0.0,8.23
2019-11-22,1.828,5.404,0.066,3.912
2019-11-23,2.551,7.188,0.045,5.19
2019-11-24,0.058,12.236,0.0,12.238
2019-11-25,0.004,6.165,0.0,6.18
2019-11-26,1.243,5.188,0.025,4.209
2019-11-27,0.156,6.496,0.001,6.407
2019-11-28,0.114,9.15,0.0,9.111
2019-11-29,5.997,7.032,0.084,2.659
2019-11-30,3.628,5.456,0.091,2.466
2019-01-12,0.455,8.168,0.006,7.557
2019-02-12,3.369,5.695,0.082,3.114
2019-03-12,1.606,5.072,0.046,3.777
2019-04-12,0.091,7.69,0.002,7.65
2019-05-12,5.831,5.927,0.514,2.675
2019-06-12,0.004,5.976,0.007,5.133
2019-07-12,0.242,11.501,0.005,11.333
2019-08-12,0.014,6.665,0.0,6.677
2019-09-12,0.329,5.125,0.003,4.942
2019-10-12,3.731,6.274,0.063,3.265
2019-11-12,0.01,5.578,0.0,5.586
2019-12-12,0.067,5.12,0.0,5.125
2019-12-13,1.091,6.521,0.052,5.754
2019-12-14,1.687,8.932,0.054,7.507
2019-12-15,3.704,8.67,0.088,5.68
2019-12-16,0.302,8.297,0.0,8.071
2019-12-17,1.813,9.219,0.059,7.67
2019-12-18,0.293,5.092,0.004,4.913
2019-12-19,5.4,7.063,0.077,3.007
2019-12-20,2.034,8.551,0.049,6.612
2019-12-21,4.589,9.058,0.105,5.446
2019-12-22,0.779,9.354,0.019,8.645
2019-12-23,1.552,8.305,0.041,7.074
2019-12-24,0.03,9.296,0.0,9.303
2019-12-25,0.237,9.586,0.0,9.454
2019-12-26,0.847,5.224,0.036,4.559
2019-12-27,0.159,12.807,0.0,12.766
2019-12-28,2.176,9.018,0.035,7.173
2019-12-29,0.333,11.409,0.001,11.176
2019-12-30,4.953,10.127,0.079,6.053
2019-12-31,2.601,8.531,0.08,6.352
2020-01-01,0.498,7.758,0.003,7.353
2020-02-01,0.151,7.978,0.0,7.895
2020-03-01,0.015,11.617,0.0,11.633
2020-04-01,0.335,5.594,0.008,5.44
2020-05-01,0.658,7.304,0.014,6.833
2020-06-01,0.69,5.44,0.023,4.808
2020-07-01,1.446,6.731,0.039,5.52
2020-08-01,0.0,5.546,0.0,5.554
2020-09-01,0.028,6.785,0.0,6.789
2020-10-01,0.72,6.827,0.017,6.28
2020-11-01,2.087,6.441,0.038,4.696
2020-12-01,0.119,12.248,0.0,12.185
2020-01-13,1.893,5.059,0.057,3.567
2020-01-14,0.017,6.246,0.0,6.261
2020-01-15,3.04,4.553,0.064,2.269
2020-01-16,4.865,4.925,0.28,2.348
2020-01-17,4.04,6.146,0.077,2.574
2020-01-18,0.18,6.122,0.005,5.601
2020-01-19,5.584,7.646,0.173,4.473
2020-01-20,1.594,5.189,0.078,2.859
2020-01-21,1.612,4.6,0.05,3.306
2020-01-22,2.227,6.244,0.079,4.456
2020-01-23,1.032,5.784,0.034,5.046
2020-01-24,0.273,10.304,0.0,10.054
2020-01-25,0.128,7.732,0.0,7.614
2020-01-26,0.382,9.277,0.0,9.063
2020-01-27,0.074,5.353,0.0,5.348
2020-01-28,0.323,5.093,0.027,4.86
2020-01-29,0.37,5.562,0.015,5.272
2020-01-30,0.273,8.046,0.0,7.861
2020-01-31,1.519,6.191,0.05,4.882
2020-01-02,0.427,12.651,0.0,12.357
2020-02-02,0.519,7.231,0.014,6.809
2020-03-02,0.679,4.804,0.028,4.236
2020-04-02,4.664,5.997,0.205,3.441
2020-05-02,8.574,6.089,3.165,2.35
2020-06-02,0.759,5.323,0.052,3.621
2020-07-02,0.45,10.367,0.0,10.078
2020-08-02,1.981,7.388,0.048,5.624
2020-09-02,0.86,8.681,0.034,8.01
2020-10-02,4.052,4.635,0.315,2.231
2020-11-02,0.943,8.093,0.026,6.778
2020-12-02,2.369,5.597,0.138,3.843
2020-02-13,0.791,5.978,0.03,5.302
2020-02-14,1.297,7.811,0.029,6.752
2020-02-15,5.042,8.839,0.116,4.704
2020-02-16,0.074,7.349,0.0,7.345
2020-02-17,5.584,5.181,0.258,2.313
2020-02-18,3.97,5.612,0.315,1.35
2020-02-19,2.902,6.934,0.146,4.508
2020-02-20,0.62,6.022,0.017,5.563
2020-02-21,2.942,6.132,0.112,3.702
2020-02-22,0.168,5.844,0.0,5.754
2020-02-23,0.27,6.105,0.017,5.978
2020-02-24,1.2,5.939,0.082,4.9
2020-02-25,7.196,6.444,1.214,3.068
2020-02-26,4.662,5.044,0.453,1.078
2020-02-27,3.149,7.899,0.067,4.607
2020-02-28,7.824,7.437,0.473,2.852
2020-02-29,5.347,10.725,0.257,5.267
2020-01-03,5.381,10.163,0.499,6.248
2020-02-03,6.302,4.399,0.916,1.838
2020-03-03,7.271,4.611,1.827,0.157
2020-04-03,3.517,6.471,0.186,2.22
2020-05-03,6.152,4.997,1.145,2.367
2020-06-03,0.187,5.763,0.014,4.543
2020-07-03,6.369,10.916,0.391,6.183
2020-08-03,3.497,7.466,0.111,4.336
2020-09-03,6.004,4.424,0.804,2.022
2020-10-03,0.943,5.609,0.032,3.206
2020-11-03,12.758,7.044,5.438,3.255
2020-12-03,8.581,10.995,0.563,2.864
2020-03-13,6.025,5.215,0.823,2.376
2020-03-14,15.339,8.069,7.034,1.898
2020-03-15,8.287,5.325,2.343,0.9
2020-03-16,10.257,5.651,3.043,0.976
2020-03-17,5.489,7.098,0.563,1.427
2020-03-18,2.588,8.362,0.088,6.012
2020-03-19,5.538,7.609,0.126,3.05
2020-03-20,4.768,9.488,0.093,5.349
2020-03-21,12.494,7.619,5.042,3.153
2020-03-22,16.182,9.048,7.532,2.115
2020-03-23,16.228,7.938,7.749,1.953
2020-03-24,15.027,12.022,3.146,1.97
2020-03-25,16.409,11.202,4.626,2.669
2020-03-26,15.842,9.029,5.918,1.663
2020-03-27,14.563,7.228,7.36,1.581
2020-03-28,14.259,7.177,7.164,2.336
2020-03-29,11.897,7.95,4.493,2.22
2020-03-30,5.526,9.168,0.228,3.659
2020-03-31,13.218,7.672,5.927,3.283
2020-01-04,4.829,11.708,0.129,6.596
2020-02-04,5.8,7.192,0.453,2.754
2020-03-04,9.584,6.876,2.887,2.436
2020-04-04,10.375,7.526,2.269,1.566
2020-05-04,15.981,6.737,7.949,1.194
2020-06-04,15.849,6.19,7.958,0.491
2020-07-04,16.411,9.956,5.955,1.72
2020-08-04,14.242,6.551,7.153,0.965
2020-09-04,15.146,6.903,8.334,2.306
2020-10-04,15.536,6.583,7.823,1.496
2020-11-04,15.309,6.434,7.222,0.832
2020-12-04,13.395,6.794,5.745,1.226
2020-04-13,14.444,6.354,5.77,0.578
2020-04-14,6.471,7.593,0.461,0.909
2020-04-15,17.075,10.506,5.936,3.364
2020-04-16,14.43,5.642,6.688,0.175
2020-04-17,16.831,6.46,9.283,0.409
2020-04-18,16.972,6.576,8.533,1.002
2020-04-19,16.861,6.298,9.163,0.726
2020-04-20,16.798,4.563,9.426,0.175
2020-04-21,17.348,6.045,9.11,0.219
2020-04-22,17.176,5.565,9.103,0.125
2020-04-23,16.067,9.045,6.39,1.797
2020-04-24,17.481,11.83,4.577,0.726
2020-04-25,14.179,7.757,3.804,0.989
2020-04-26,13.429,7.777,4.952,1.021
2020-04-27,15.061,5.49,8.064,0.401
2020-04-28,8.184,8.37,1.168,2.056
2020-04-29,2.491,6.436,0.101,3.478
2020-04-30,10.516,6.901,2.965,2.774
2020-01-05,7.715,6.206,1.08,0.656
2020-02-05,8.393,12.202,0.625,4.262
2020-03-05,5.009,9.335,0.183,5.106
2020-04-05,13.686,6.415,5.196,1.809
2020-05-05,13.244,4.563,6.46,0.166
2020-06-05,16.718,5.218,9.609,0.248
2020-07-05,13.575,5.636,7.184,0.745
2020-08-05,16.851,6.482,8.917,0.672
2020-09-05,13.734,6.933,4.721,0.663
2020-10-05,11.925,6.811,4.363,0.875
2020-11-05,9.469,5.542,3.675,0.596
2020-12-05,8.232,4.808,1.723,0.381
2020-05-13,6.814,6.185,0.543,0.845
2020-05-14,11.603,7.144,3.467,0.922
2020-05-15,8.063,5.678,1.272,0.54
2020-05-16,6.6,11.123,0.176,3.673
2020-05-17,9.653,6.811,2.285,2.611
2020-05-18,6.06,4.467,0.651,0.405
2020-05-19,11.103,6.315,3.324,0.483
2020-05-20,14.795,5.855,8.151,0.648
2020-05-21,15.707,5.34,8.085,0.624
2020-05-22,3.949,6.654,0.191,1.507
2020-05-23,9.689,6.982,1.956,2.479
2020-05-24,9.277,7.092,2.397,1.02
2020-05-25,6.335,4.635,0.316,0.279
2020-05-26,14.417,5.917,6.425,0.448
2020-05-27,14.048,8.13,3.886,0.392
2020-05-28,15.943,3.205,10.756,0.132
2020-05-29,14.688,5.037,7.801,0.273
2020-05-30,12.493,9.448,2.814,1.143
2020-05-31,16.86,4.443,10.295,0.545
2020-01-06,16.944,4.862,9.448,0.163
2020-02-06,15.948,2.774,11.141,0.088
2020-03-06,9.901,4.905,4.005,0.191
2020-04-06,3.402,4.903,0.187,0.758
2020-05-06,10.503,4.719,4.715,1.406
2020-06-06,11.604,8.618,3.092,2.26
2020-07-06,10.272,6.313,2.595,0.962
2020-08-06,7.781,5.75,2.333,0.643
2020-09-06,14.127,4.215,7.243,0.176
2020-10-06,13.947,4.268,8.795,0.516
2020-11-06,1.84,7.919,0.099,4.726
2020-12-06,12.891,6.012,5.505,2.04
2020-06-13,9.038,6.038,2.592,0.408
2020-06-14,3.04,5.396,0.112,1.825
2020-06-15,15.663,4.971,7.886,1.241
2020-06-16,14.806,3.068,9.735,0.273
2020-06-17,15.845,2.849,10.846,0.071
2020-06-18,8.677,3.628,4.84,0.326
2020-06-19,4.03,5.818,0.164,1.022
2020-06-20,14.884,4.054,8.439,1.34
2020-06-21,16.391,8.096,6.206,1.045
2020-06-22,14.517,4.448,8.609,0.253
2020-06-23,16.939,3.467,11.192,0.109
2020-06-24,16.813,4.262,11.331,0.469
2020-06-25,12.387,4.542,5.75,0.206
2020-06-26,15.248,4.551,9.072,0.282
2020-06-27,10.753,4.409,5.553,0.411
2020-06-28,8.267,4.008,2.673,0.345
2020-06-29,13.004,4.662,7.047,0.35
2020-06-30,4.091,6.855,0.183,1.582
2020-01-07,9.731,6.486,1.449,1.798
2020-02-07,6.533,7.408,1.939,1.827
2020-03-07,8.199,5.271,1.916,1.985
2020-04-07,3.198,7.977,0.168,3.688
2020-05-07,7.939,7.532,0.695,2.787
2020-06-07,11.647,3.545,5.745,0.253
2020-07-07,6.722,5.574,1.573,0.725
2020-08-07,7.074,4.979,0.7,0.343
2020-09-07,2.154,6.217,0.154,2.537
2020-10-07,6.045,5.385,0.555,2.133
2020-11-07,14.223,12.992,1.688,2.492
2020-12-07,12.214,6.148,5.027,1.039
2020-07-13,14.663,4.759,8.17,0.55
2020-07-14,4.973,4.05,0.562,0.46
2020-07-15,9.528,4.872,3.622,0.585
2020-07-16,11.495,5.18,4.299,0.234
2020-07-17,12.248,5.621,5.339,0.272
2020-07-18,9.763,7.159,1.569,0.654
2020-07-19,10.718,5.857,4.891,1.082
2020-07-20,15.764,5.272,7.318,0.134
2020-07-21,10.842,6.77,3.84,0.828
2020-07-22,9.312,7.304,1.288,0.663
2020-07-23,10.997,6.134,4.329,0.899
2020-07-24,11.643,5.454,4.079,0.261
2020-07-25,9.348,6.94,2.415,1.262
2020-07-26,11.313,5.621,4.873,0.872
2020-07-27,4.529,3.099,0.151,0.146
2020-07-28,11.373,5.409,6.024,1.009
2020-07-29,8.869,6.362,1.856,0.508
2020-07-30,12.092,4.652,4.618,0.355
2020-07-31,16.516,4.532,9.699,0.16
2020-01-08,7.055,3.631,2.708,0.449
2020-02-08,9.199,9.236,1.488,2.259
2020-03-08,11.267,4.82,4.281,0.178
2020-04-08,11.963,5.15,5.659,0.432
2020-05-08,16.367,3.713,10.14,0.11
2020-06-08,15.656,4.568,9.034,0.158
2020-07-08,15.731,5.476,9.133,0.571
2020-08-08,13.903,6.533,7.255,1.327
2020-09-08,10.207,4.747,3.266,0.416
2020-10-08,13.475,4.922,6.964,0.229
2020-11-08,15.72,5.133,8.452,0.186
2020-12-08,15.828,5.297,9.182,0.441
2020-08-13,15.089,3.546,9.283,0.153
2020-08-14,12.313,5.239,5.508,0.428
2020-08-15,10.861,7.543,4.807,1.53
2020-08-16,11.188,5.045,5.017,1.459
2020-08-17,5.702,4.849,0.505,0.494
2020-08-18,11.165,4.861,4.249,0.231
2020-08-19,13.404,3.568,7.851,0.137
2020-08-20,7.137,8.083,0.265,0.794
2020-08-21,5.163,6.043,0.291,2.943
2020-08-22,8.97,6.749,1.931,0.947
2020-08-23,8.525,6.678,1.474,0.923
2020-08-24,4.717,5.115,0.287,0.43
2020-08-25,6.407,5.75,0.206,1.48
2020-08-26,4.401,6.895,0.299,2.568
2020-08-27,7.433,7.524,0.483,2.171
2020-08-28,9.275,7.071,2.758,1.64
2020-08-29,9.309,6.848,2.9,2.342
2020-08-30,10.573,4.436,4.703,0.742
2020-08-31,8.293,5.183,2.38,1.07
2020-01-09,12.82,4.891,6.051,0.295
2020-02-09,14.118,4.161,8.598,0.378
2020-03-09,3.039,6.335,0.119,2.429
2020-04-09,9.239,7.765,1.484,2.351
2020-05-09,6.503,6.934,1.255,1.901
2020-06-09,8.807,6.546,2.291,2.63
2020-07-09,9.091,4.567,2.542,0.381
2020-08-09,2.247,4.015,0.216,0.599
2020-09-09,1.949,5.008,0.124,3.348
2020-10-09,7.048,4.137,1.062,1.365
2020-11-09,10.62,4.076,5.0,0.158
2020-12-09,7.238,5.666,0.647,0.589
2020-09-13,12.918,3.541,7.934,0.44
2020-09-14,13.637,4.114,7.064,0.115
2020-09-15,12.113,3.185,7.666,0.188
2020-09-16,10.587,4.724,4.493,0.529
2020-09-17,13.667,4.46,7.602,0.381
2020-09-18,14.582,4.563,8.734,0.672
2020-09-19,11.558,4.874,5.128,0.496
2020-09-20,14.054,4.787,8.781,0.943
2020-09-21,13.8,5.106,7.942,1.127
2020-09-22,12.873,2.808,7.185,0.09
2020-09-23,10.718,5.328,4.718,0.716
2020-09-24,11.131,4.407,6.385,0.687
2020-09-25,9.409,5.468,3.623,1.201
2020-09-26,2.658,5.278,0.112,2.16
2020-09-27,0.593,11.149,0.046,10.545
2020-09-28,1.979,9.528,0.051,7.825
2020-09-29,6.624,6.075,0.655,1.898
2020-09-30,8.984,4.499,2.438,0.749
2020-01-10,6.936,5.888,1.707,0.761
2020-02-10,3.1,8.208,0.137,5.102
2020-03-10,3.763,7.361,0.329,4.428
2020-04-10,4.737,6.538,0.31,2.887
2020-05-10,4.438,4.887,0.385,2.405
2020-06-10,3.169,3.602,0.188,1.095
2020-07-10,3.806,4.769,0.496,1.688
2020-08-10,0.295,4.279,0.018,4.045
2020-09-10,5.249,5.713,0.298,2.093
2020-10-10,7.628,6.164,2.592,2.575
2020-11-10,4.599,4.445,0.327,1.252
2020-12-10,4.551,5.148,0.165,1.127
2020-10-13,9.966,7.362,3.29,3.02
2020-10-14,4.344,4.979,0.159,1.021
2020-10-15,4.378,5.803,0.164,2.036
2020-10-16,4.229,8.013,0.299,4.63
2020-10-17,4.307,3.646,0.282,1.925
2020-10-18,3.284,10.362,0.136,6.259
2020-10-19,3.004,5.861,0.143,3.471
2020-10-20,1.666,4.36,0.061,2.957
2020-10-21,1.438,6.519,0.069,5.358
2020-10-22,7.565,5.915,2.245,1.944
2020-10-23,2.868,6.637,0.097,4.165
2020-10-24,3.006,11.535,0.1,9.074
2020-10-25,0.743,6.081,0.056,5.516
2020-10-26,1.52,7.293,0.14,6.078
2020-10-27,3.963,6.101,0.303,3.425
2020-10-28,5.207,4.999,0.485,1.779
2020-10-29,3.883,4.082,0.321,1.034
2020-10-30,0.229,6.068,0.008,5.673
2020-10-31,0.5,10.038,0.012,9.632
2020-01-11,5.507,6.383,0.697,2.77
2020-02-11,2.21,4.881,0.135,2.989
2020-03-11,5.883,6.877,0.205,2.622
2020-04-11,8.537,5.101,3.012,1.802
2020-05-11,2.855,7.036,0.109,3.801
2020-06-11,0.643,8.46,0.0,7.915
2020-07-11,8.389,10.988,0.123,4.039
2020-08-11,7.633,7.191,2.378,3.203
2020-09-11,0.999,6.796,0.065,6.043
2020-10-11,0.12,6.609,0.0,6.501
2020-11-11,0.303,5.593,0.0,5.308
2020-12-11,0.788,5.948,0.03,5.44
2020-11-13,7.115,4.546,1.903,1.745
2020-11-14,0.916,6.178,0.058,4.423
2020-11-15,4.896,7.466,0.105,3.547
2020-11-16,0.675,5.775,0.036,5.336
2020-11-17,0.07,10.15,0.0,10.084
2020-11-18,2.001,5.957,0.038,4.39
2020-11-19,0.618,5.046,0.04,4.513
2020-11-20,4.698,6.74,0.16,3.051
2020-11-21,0.146,7.638,0.005,7.533
2020-11-22,2.731,13.061,0.039,10.754
2020-11-23,4.78,6.789,0.158,3.111
2020-11-24,0.406,5.209,0.015,4.858
2020-11-25,6.235,8.514,0.074,3.502
2020-11-26,0.758,7.186,0.035,6.589
2020-11-27,1.127,7.735,0.05,6.887
2020-11-28,0.062,6.762,0.0,6.709
2020-11-29,0.557,9.137,0.002,8.67
2020-11-30,0.384,8.501,0.007,8.225
2020-01-12,0.069,7.745,0.0,7.754
2020-02-12,0.009,7.556,0.0,7.552
2020-03-12,0.142,10.081,0.004,10.032
2020-04-12,1.259,7.124,0.04,6.13
2020-05-12,0.453,8.562,0.013,8.225
2020-06-12,0.064,8.567,0.0,8.556
2020-07-12,0.04,7.105,0.0,7.104
2020-08-12,2.232,6.667,0.046,4.967
2020-09-12,0.124,7.284,0.0,7.175
2020-10-12,0.007,11.241,0.0,11.258
2020-11-12,0.037,9.961,0.0,9.964
2020-12-12,0.064,9.32,0.0,9.323
2020-12-13,0.037,7.927,0.0,7.94
2020-12-14,0.164,6.825,0.0,6.759
2020-12-15,0.283,6.637,0.007,6.453
2020-12-16,0.827,7.628,0.009,7.008
2020-12-17,0.261,13.099,0.0,12.86
2020-12-18,5.621,9.096,0.429,4.857
2020-12-19,5.793,9.41,0.09,4.689
2020-12-20,0.452,7.901,0.009,7.565
2020-12-21,3.661,8.683,0.063,5.726
2020-12-22,0.175,14.654,0.0,14.493
2020-12-23,0.087,7.837,0.0,7.828
2020-12-24,1.078,8.825,0.023,7.993
2020-12-25,6.63,9.485,0.979,4.939
2020-12-26,0.263,10.165,0.004,9.912
2020-12-27,0.0,7.198,0.0,7.21
2020-12-28,0.075,8.975,0.0,8.973
2020-12-29,0.084,9.927,0.0,9.925
2020-12-30,0.029,6.86,0.0,6.863
2020-12-31,0.028,12.875,0.0,12.881
2021-01-01,0.399,8.682,0.014,8.449
2021-02-01,0.015,9.147,0.0,9.153
2021-03-01,0.455,8.091,0.002,7.797
2021-04-01,0.074,7.196,0.0,7.212
2021-05-01,0.036,9.56,0.0,9.568
2021-06-01,0.06,8.352,0.0,8.358
2021-07-01,0.0,9.298,0.0,9.318
2021-08-01,0.396,8.593,0.005,8.379
2021-09-01,0.112,9.768,0.0,9.662
2021-10-01,2.469,10.892,0.049,8.756
2021-11-01,0.001,9.986,0.0,10.015
2021-12-01,5.299,7.866,0.874,4.558
2021-01-13,1.666,8.577,0.063,7.198
2021-01-14,0.211,11.579,0.0,11.418
2021-01-15,0.026,13.433,0.0,13.436
2021-01-16,2.805,10.229,0.059,8.005
2021-01-17,1.178,9.216,0.037,8.235
2021-01-18,0.022,6.556,0.0,6.564
2021-01-19,0.045,7.641,0.0,7.638
2021-01-20,1.142,7.972,0.022,7.035
2021-01-21,4.213,6.875,0.25,3.781
2021-01-22,2.193,9.405,0.086,7.586
2021-01-23,3.051,8.326,0.084,5.948
2021-01-24,1.306,12.193,0.018,11.041
2021-01-25,2.436,8.452,0.071,6.407
2021-01-26,4.885,8.046,0.407,4.414
2021-01-27,1.327,7.212,0.062,6.149
2021-01-28,2.454,8.409,0.054,6.407
2021-01-29,0.086,8.608,0.0,8.618
2021-01-30,3.34,8.67,0.072,5.987
2021-01-31,6.992,9.71,0.446,4.267
2021-01-02,2.126,8.8,0.057,7.047
2021-02-02,2.365,8.949,0.091,6.932
2021-03-02,0.376,8.142,0.011,7.871
2021-04-02,1.02,7.958,0.037,7.172
2021-05-02,1.605,9.279,0.047,7.811
2021-06-02,1.045,9.302,0.044,8.428
2021-07-02,0.068,8.245,0.0,8.237
2021-08-02,1.656,15.472,0.037,14.104
2021-09-02,0.007,9.005,0.0,9.012
2021-10-02,0.0,7.758,0.0,7.767
2021-11-02,3.133,7.553,0.145,5.174
2021-12-02,11.311,7.388,3.725,2.709
2021-02-13,11.756,8.919,4.047,2.613
2021-02-14,10.919,8.497,3.033,2.525
2021-02-15,1.008,8.213,0.032,6.667
2021-02-16,1.358,7.482,0.055,6.175
2021-02-17,0.779,9.083,0.006,8.464
2021-02-18,5.982,6.585,0.92,2.946
2021-02-19,8.93,6.34,2.992,2.293
2021-02-20,8.933,7.502,3.329,2.576
2021-02-21,11.803,5.542,5.687,2.168
2021-02-22,8.403,5.674,2.172,1.163
2021-02-23,4.986,4.147,0.152,0.516
2021-02-24,11.664,5.168,4.601,0.305
2021-02-25,8.528,4.886,3.182,0.573
2021-02-26,9.655,5.706,3.667,1.351
2021-02-27,1.944,8.708,0.066,6.135
2021-02-28,2.359,7.51,0.103,5.544
2021-01-03,8.578,6.292,1.746,2.221
2021-02-03,13.791,9.043,4.172,1.255
2021-03-03,9.023,9.891,0.156,1.752
2021-04-03,1.03,7.149,0.031,6.235
2021-05-03,14.097,5.609,8.006,2.584
2021-06-03,3.651,11.364,0.171,7.216
2021-07-03,1.759,8.101,0.058,6.589
2021-08-03,12.067,7.099,5.764,3.18
2021-09-03,0.258,8.715,0.007,7.838
2021-10-03,5.205,9.672,0.116,5.151
2021-11-03,3.536,5.837,0.381,3.242
2021-12-03,2.56,6.042,0.138,3.936
2021-03-13,6.137,10.315,0.29,5.289
2021-03-14,7.129,5.167,1.854,2.145
2021-03-15,3.919,5.44,0.397,1.479
2021-03-16,8.599,8.192,2.375,3.602
2021-03-17,7.051,4.838,1.883,1.642
2021-03-18,2.465,8.72,0.09,5.44
2021-03-19,4.575,8.205,0.305,4.562
2021-03-20,3.956,9.882,0.141,6.665
2021-03-21,8.899,6.0,3.167,2.548
2021-03-22,4.523,5.858,0.388,1.59
2021-03-23,1.264,6.569,0.049,5.312
2021-03-24,11.463,9.059,4.291,4.215
2021-03-25,9.234,4.376,3.532,1.063
2021-03-26,10.889,6.894,4.214,1.142
2021-03-27,6.371,8.297,0.654,2.7
2021-03-28,3.832,6.408,0.139,3.309
2021-03-29,12.606,5.831,5.893,2.785
2021-03-30,15.343,5.04,8.286,0.239
2021-03-31,14.17,5.127,7.451,0.247
2021-01-04,4.912,7.286,0.28,1.707
2021-02-04,4.798,6.936,0.407,3.222
2021-03-04,16.389,13.08,2.457,3.412
2021-04-04,2.338,7.539,0.15,4.042
2021-05-04,10.711,5.797,4.579,2.881
2021-06-04,7.165,6.516,0.909,0.817
2021-07-04,5.649,8.44,0.5,3.262
2021-08-04,4.396,6.816,0.125,3.128
2021-09-04,4.547,6.16,0.145,2.485
2021-10-04,9.73,7.801,2.66,3.145
2021-11-04,2.083,6.191,0.073,3.623
2021-12-04,11.059,6.807,4.138,2.497
2021-04-13,10.977,9.439,2.297,2.505
2021-04-14,9.097,6.449,2.893,1.578
2021-04-15,8.89,5.1,3.136,1.452
2021-04-16,16.0,7.334,7.868,0.531
2021-04-17,15.116,7.258,6.582,1.379
2021-04-18,12.297,4.522,5.029,0.155
2021-04-19,13.425,6.204,5.661,0.337
2021-04-20,16.404,5.645,8.458,0.202
2021-04-21,11.96,5.123,5.641,0.458
2021-04-22,10.748,4.582,4.522,0.3
2021-04-23,16.899,5.484,9.164,0.198
2021-04-24,17.714,7.147,8.536,0.549
2021-04-25,14.415,4.83,9.349,0.799
2021-04-26,11.352,3.555,5.25,0.204
2021-04-27,17.306,7.514,7.804,0.275
2021-04-28,14.801,3.883,9.103,0.167
2021-04-29,1.855,4.884,0.186,1.466
2021-04-30,7.824,6.281,0.679,2.057
2021-01-05,7.99,4.992,1.775,0.741
2021-02-05,4.436,6.439,0.318,0.967
2021-03-05,6.035,7.065,0.264,2.568
2021-04-05,4.909,5.617,0.49,1.892
2021-05-05,5.228,5.186,0.184,1.418
2021-06-05,11.538,7.334,3.325,1.236
2021-07-05,10.347,9.721,1.508,3.087
2021-08-05,9.767,4.825,4.463,0.804
2021-09-05,12.732,17.849,3.839,9.115
2021-10-05,8.881,4.415,2.838,1.609
2021-11-05,5.184,4.245,0.422,0.356
2021-12-05,5.661,5.678,0.147,0.777
2021-05-13,2.941,4.558,0.216,0.968
2021-05-14,2.404,6.797,0.173,4.766
2021-05-15,7.039,7.232,0.591,2.386
2021-05-16,9.517,5.07,3.032,1.101
2021-05-17,9.631,9.542,1.544,1.873
2021-05-18,7.43,5.031,0.662,1.162
2021-05-19,11.149,5.217,4.396,0.393
2021-05-20,10.301,4.375,5.29,0.314
2021-05-21,10.705,5.328,3.932,0.645
2021-05-22,3.885,11.472,0.123,6.291
2021-05-23,7.104,5.114,1.666,2.29
2021-05-24,10.579,6.045,3.376,0.672
2021-05-25,8.813,5.963,3.709,1.068
2021-05-26,8.904,6.333,1.777,1.112
2021-05-27,5.637,7.266,0.138,1.616
2021-05-28,7.814,4.302,1.86,1.519
2021-05-29,9.232,9.442,1.416,3.598
2021-05-30,17.08,5.166,10.706,0.51
2021-05-31,17.054,5.195,9.171,0.203
2021-01-06,13.731,4.133,7.701,0.138
2021-02-06,16.42,4.737,10.664,0.35
2021-03-06,2.697,4.055,0.168,0.448
2021-04-06,15.02,6.591,6.226,2.162
2021-05-06,7.196,5.404,2.113,0.403
2021-06-06,2.829,6.405,0.084,2.834
2021-07-06,2.698,4.827,0.163,2.485
2021-08-06,15.572,5.691,7.985,2.479
2021-09-06,13.931,5.504,7.152,0.343
2021-10-06,15.95,4.739,8.521,0.136
2021-11-06,11.785,3.913,6.422,0.126
2021-12-06,9.752,4.678,3.714,0.177
2021-06-13,15.364,4.613,8.513,0.318
2021-06-14,16.747,5.817,8.88,0.502
2021-06-15,15.162,4.284,8.736,0.105
2021-06-16,16.557,4.31,10.259,0.149
2021-06-17,16.377,4.129,10.142,0.129
2021-06-18,14.582,4.343,8.55,0.166
2021-06-19,14.445,4.77,8.059,0.447
2021-06-20,11.053,5.443,4.538,0.603
2021-06-21,2.393,5.045,0.162,1.128
2021-06-22,12.461,5.093,6.086,1.746
2021-06-23,8.252,5.775,2.602,0.905
2021-06-24,7.668,5.775,0.117,0.468
2021-06-25,15.978,4.245,9.494,0.142
2021-06-26,15.076,5.846,7.123,0.39
2021-06-27,16.522,5.5,8.778,0.371
2021-06-28,14.662,3.928,8.896,0.154
2021-06-29,5.702,4.399,0.765,0.224
2021-06-30,3.768,3.528,0.157,0.188
2021-01-07,4.124,4.854,0.487,0.64
2021-02-07,12.112,3.896,5.306,0.959
2021-03-07,15.594,6.727,6.783,0.451
2021-04-07,10.786,4.235,5.495,0.334
2021-05-07,8.796,3.176,3.81,0.132
2021-06-07,8.526,4.758,3.546,0.271
2021-07-07,11.582,4.37,5.661,0.407
2021-08-07,11.506,4.43,6.157,0.45
2021-09-07,4.018,5.495,0.163,0.903
2021-10-07,12.316,5.433,5.597,2.412
2021-11-07,9.85,5.428,3.237,0.572
2021-12-07,9.426,4.274,4.458,0.241
2021-07-13,10.618,5.762,3.049,0.369
2021-07-14,6.884,3.76,2.267,0.36
2021-07-15,12.738,4.416,6.475,0.348
2021-07-16,16.072,8.928,5.574,0.326
2021-07-17,16.036,5.071,10.178,2.0
2021-07-18,12.516,2.938,8.395,0.078
2021-07-19,7.3,4.307,1.459,0.131
2021-07-20,8.382,4.536,2.635,0.265
2021-07-21,8.862,2.739,4.575,0.093
2021-07-22,14.062,6.313,6.762,0.25
2021-07-23,3.298,4.983,0.208,2.062
2021-07-24,14.404,2.297,8.786,0.076
2021-07-25,13.948,2.173,9.815,0.059
2021-07-26,11.836,3.346,6.804,0.152
2021-07-27,11.828,7.151,3.758,0.713
2021-07-28,9.772,3.605,5.056,0.535
2021-07-29,11.848,5.401,5.131,0.568
2021-07-30,13.304,4.633,7.699,0.442
2021-07-31,6.96,4.284,2.086,0.714
2021-01-08,7.264,4.972,1.899,0.733
2021-02-08,9.208,3.869,3.247,0.324
2021-03-08,11.752,4.025,7.616,0.441
2021-04-08,8.984,3.971,3.705,0.468
2021-05-08,10.824,7.104,3.236,0.963
2021-06-08,7.952,4.57,2.488,0.506
2021-07-08,10.464,4.794,4.475,1.033
2021-08-08,7.432,5.577,1.357,0.806
2021-09-08,10.86,4.21,4.894,0.323
2021-10-08,7.166,5.896,2.558,0.403
2021-11-08,14.314,7.002,6.409,3.395
2021-12-08,13.162,2.144,9.176,0.062
2021-08-13,9.834,2.127,6.082,0.052
2021-08-14,7.752,2.168,4.281,0.053
2021-08-15,9.82,6.606,2.313,0.424
2021-08-16,4.14,2.731,0.76,0.131
2021-08-17,4.66,4.651,0.185,0.502
2021-08-18,2.756,3.366,0.211,0.198
2021-08-19,4.152,5.511,0.168,2.778
2021-08-20,6.068,5.887,0.258,1.413
2021-08-21,11.9,5.026,4.719,0.643
2021-08-22,2.104,3.955,0.151,0.57
2021-08-23,14.06,4.435,6.774,1.352
2021-08-24,13.05,4.911,6.792,0.295
2021-08-25,3.722,3.985,0.212,0.317
2021-08-26,5.878,3.901,0.583,0.667
2021-08-27,7.78,6.722,1.989,2.324
2021-08-28,2.522,5.966,0.139,2.191
2021-08-29,2.254,6.519,0.155,4.625
2021-08-30,7.986,4.129,2.125,1.383
2021-08-31,13.47,3.912,7.547,0.212
2021-01-09,12.512,3.591,7.053,0.141
2021-02-09,3.872,3.106,0.364,0.122
2021-03-09,13.986,7.368,4.965,0.84
2021-04-09,9.496,4.917,4.356,0.507
2021-05-09,14.552,4.156,8.042,0.516
2021-06-09,8.466,2.688,4.389,0.072
2021-07-09,9.826,4.582,4.173,0.323
2021-08-09,14.476,5.168,7.729,0.473
2021-09-09,14.488,7.25,5.797,0.266
2021-10-09,3.226,5.26,0.161,2.91
2021-11-09,3.346,2.452,0.186,0.097
2021-12-09,4.378,2.463,0.349,0.15
2021-09-13,3.926,2.218,0.844,0.057
2021-09-14,12.072,2.128,7.873,0.048
2021-09-15,0.936,2.29,0.098,0.137
2021-09-16,4.69,2.527,0.638,0.804
2021-09-17,6.68,2.184,3.109,0.084
2021-09-18,2.402,2.197,0.157,0.086
2021-09-19,4.398,2.298,0.661,0.055
2021-09-20,4.35,2.207,0.87,0.068
2021-09-21,3.164,2.08,0.377,0.072
2021-09-22,11.972,2.06,7.991,0.059
2021-09-23,1.344,2.13,0.15,0.122
2021-09-24,1.77,2.431,0.182,0.459
2021-09-25,4.254,2.657,0.515,1.261
2021-09-26,7.932,2.191,3.768,0.069
2021-09-27,5.304,3.806,2.298,0.8
2021-09-28,12.182,8.762,2.889,2.073
2021-09-29,5.346,4.275,0.836,0.292
2021-09-30,9.55,3.857,4.436,0.753
2021-01-10,8.972,4.825,2.303,0.243
2021-02-10,4.694,5.742,0.649,1.258
2021-03-10,2.288,4.808,0.102,2.549
2021-04-10,8.934,3.735,3.64,1.485
2021-05-10,3.63,4.495,0.168,0.47
2021-06-10,3.268,5.627,0.14,2.607
2021-07-10,10.788,5.217,4.924,2.283
2021-08-10,12.112,5.435,5.273,0.504
2021-09-10,12.364,6.788,4.843,0.932
2021-10-10,10.974,8.093,1.588,1.075
2021-11-10,6.548,3.93,2.375,0.454
2021-12-10,8.13,3.836,3.032,0.514
2021-10-13,5.144,3.484,0.759,0.105
2021-10-14,1.692,5.4,0.131,2.91
2021-10-15,8.556,7.547,1.874,2.917
2021-10-16,3.692,3.441,0.151,1.163
2021-10-17,0.768,5.525,0.065,3.978
2021-10-18,2.848,7.445,0.085,4.954
2021-10-19,0.96,5.328,0.021,4.434
2021-10-20,1.268,7.491,0.013,6.416
2021-10-21,2.585,5.494,0.265,3.478
2021-10-22,2.535,6.403,0.103,4.421
2021-10-23,4.814,10.937,0.095,6.901
2021-10-24,11.736,6.521,5.461,2.671
2021-10-25,3.08,4.237,0.089,1.294
2021-10-26,2.896,5.259,0.202,2.988
2021-10-27,0.211,5.109,0.002,4.992
2021-10-28,10.75,5.987,4.069,2.445
2021-10-29,8.273,6.082,1.739,0.772
2021-10-30,0.593,5.368,0.018,4.089
2021-10-31,5.942,4.803,0.206,1.9
2021-01-11,4.486,3.265,0.608,0.186
2021-02-11,7.545,4.792,2.276,0.83
2021-03-11,1.858,4.401,0.062,2.082
2021-04-11,0.531,5.148,0.01,4.695
2021-05-11,3.114,6.4,0.161,3.961
2021-06-11,0.511,6.276,0.005,5.847
2021-07-11,4.065,5.237,0.205,2.659
2021-08-11,1.079,4.103,0.031,2.856
2021-09-11,8.461,5.734,2.704,2.707
2021-10-11,1.017,4.969,0.056,3.187
2021-11-11,0.147,4.416,0.003,4.348
2021-12-11,0.457,8.498,0.006,8.244
2021-11-13,0.346,6.646,0.014,6.336
2021-11-14,0.245,8.706,0.0,8.462
2021-11-15,0.062,5.488,0.0,5.414
2021-11-16,0.0,5.379,0.0,5.376
2021-11-17,0.543,5.599,0.006,5.281
2021-11-18,0.398,7.749,0.004,7.389
2021-11-19,0.182,8.311,0.0,8.174
2021-11-20,0.112,3.933,0.0,3.913
2021-11-21,5.881,2.782,1.389,1.358
2021-11-22,7.009,2.786,3.033,0.04
2021-11-23,3.141,2.265,0.094,0.072
2021-11-24,0.694,2.577,0.05,0.855
2021-11-25,0.295,2.967,0.02,2.77
2021-11-26,0.725,4.414,0.049,3.872
2021-11-27,0.185,8.869,0.0,8.689
2021-11-28,1.508,14.536,0.026,13.404
2021-11-29,0.46,7.308,0.016,6.834
2021-11-30,0.576,7.15,0.013,6.771
2021-01-12,0.081,5.425,0.001,5.334
2021-02-12,3.051,6.83,0.043,4.302
2021-03-12,0.489,7.009,0.01,6.642
2021-04-12,0.114,9.987,0.0,9.91
2021-05-12,0.001,9.116,0.0,9.114
2021-06-12,0.684,7.08,0.016,6.515
2021-07-12,0.516,8.654,0.014,8.273
2021-08-12,1.237,7.938,0.026,6.911
2021-09-12,0.231,6.612,0.0,6.465
2021-10-12,2.336,11.014,0.046,9.072
2021-11-12,0.582,8.382,0.01,8.003
2021-12-12,0.011,7.176,0.0,7.153
2021-12-13,0.252,6.41,0.002,6.191
2021-12-14,0.002,5.666,0.0,5.663
2021-12-15,0.14,6.094,0.001,5.966
2021-12-16,0.164,5.861,0.0,5.838
2021-12-17,0.142,6.764,0.0,6.743
2021-12-18,1.361,6.588,0.047,5.505
2021-12-19,0.135,8.488,0.001,8.44
2021-12-20,6.61,9.404,0.075,3.934
2021-12-21,6.162,8.544,0.901,4.261
2021-12-22,0.2,7.365,0.0,7.27
2021-12-23,0.01,9.846,0.0,9.841
2021-12-24,0.02,7.891,0.0,7.885
2021-12-25,7.01,8.56,0.608,3.299
2021-12-26,7.159,6.936,0.39,3.439
2021-12-27,0.0,0.0,0.0,0.0
2021-12-28,0.0,0.0,0.0,0.0
